Position,Coverage
1,1.00
2,1.00
3,1.00
4,1.00
5,1.00
6,1.00
7,1.00
8,1.00
9,1.00
10,1.00
11,1.00
12,1.00
13,1.00
14,1.00
15,1.00
16,1.00
17,1.00
18,1.00
19,1.00
20,1.00
21,1.00
22,1.00
23,1.00
24,1.00
25,1.00
26,1.00
27,1.00
28,1.00
29,1.00
30,1.00
31,1.00
32,1.00
33,1.00
34,1.00
35,1.00
36,1.00
37,1.00
38,1.00
39,1.00
40,1.00
41,1.00
42,1.00
43,1.00
44,1.00
45,1.00
46,1.00
47,1.00
48,1.00
49,1.00
50,1.00
51,1.00
52,1.00
53,1.00
54,1.00
55,1.00
56,1.00
57,1.00
58,1.00
59,1.00
60,1.00
61,1.00
62,1.00
63,1.00
64,1.00
65,1.00
66,1.00
67,1.00
68,1.00
69,1.00
70,1.00
71,1.00
72,1.00
73,1.00
74,1.00
75,1.00
76,1.00
77,1.00
78,1.00
79,1.00
80,1.00
81,1.00
82,1.00
83,1.00
84,1.00
85,1.00
86,1.00
87,1.00
88,1.00
89,1.00
90,1.00
91,1.00
92,1.00
93,1.00
94,1.00
95,1.00
96,1.00
97,1.00
98,1.00
99,1.00
100,1.00
101,1.00
102,1.00
103,1.00
104,1.00
105,1.00
106,1.00
107,1.00
108,1.00
109,1.00
110,1.00
111,1.00
112,1.00
113,1.00
114,1.00
115,1.00
116,1.00
117,1.00
118,1.00
119,1.00
120,1.00
121,1.00
122,1.00
123,1.00
124,1.00
125,1.00
126,1.00
127,1.00
128,1.00
129,1.00
130,1.00
131,1.00
132,1.00
133,1.00
134,1.00
135,1.00
136,1.00
137,1.00
138,1.00
139,1.00
140,1.00
141,1.00
142,1.00
143,1.00
144,1.00
145,1.00
146,1.00
147,1.00
148,1.00
149,1.00
150,1.00
151,1.00
152,1.00
153,1.00
154,1.00
155,1.00
156,1.00
157,1.00
158,1.00
159,1.00
160,1.00
161,1.00
162,1.00
163,1.00
164,1.00
165,1.00
166,1.00
167,1.00
168,1.00
169,1.00
170,1.00
171,1.00
172,1.00
173,1.00
174,1.00
175,1.00
176,1.00
177,1.00
178,1.00
179,1.00
180,1.00
181,1.00
182,1.00
183,1.00
184,1.00
185,1.00
186,1.00
187,1.00
188,1.00
189,1.00
190,1.00
191,1.00
192,1.00
193,1.00
194,1.00
195,1.00
196,1.00
197,1.00
198,1.00
199,1.00
200,1.00
201,1.00
202,1.00
203,1.00
204,1.00
205,1.00
206,1.00
207,1.00
208,1.00
209,1.00
210,1.00
211,1.00
212,1.00
213,1.00
214,1.00
215,1.00
216,1.00
217,1.00
218,1.00
219,1.00
220,1.00
221,1.00
222,1.00
223,1.00
224,1.00
225,1.00
226,1.00
227,1.00
228,1.00
229,1.00
230,1.00
231,1.00
232,1.00
233,1.00
234,1.00
235,1.00
236,1.00
237,1.00
238,1.00
239,1.00
240,1.00
241,1.00
242,1.00
243,1.00
244,1.00
245,1.00
246,1.00
247,1.00
248,1.00
249,1.00
250,1.00
251,1.00
252,1.00
253,1.00
254,1.00
255,1.00
256,1.00
257,1.00
258,1.00
259,1.00
260,1.00
261,1.00
262,1.00
263,1.00
264,1.00
265,1.00
266,1.00
267,1.00
268,1.00
269,1.00
270,1.00
271,1.00
272,1.00
273,1.00
274,1.00
275,1.00
276,1.00
277,1.00
278,1.00
279,1.00
280,1.00
281,1.00
282,1.00
283,1.00
284,1.00
285,1.00
286,1.00
287,1.00
288,1.00
289,1.00
290,1.00
291,1.00
292,1.00
293,1.00
294,1.00
295,1.00
296,1.00
297,1.00
298,1.00
299,1.00
300,1.00
301,1.00
302,1.00
303,1.00
304,1.00
305,1.00
306,1.00
307,1.00
308,1.00
309,1.00
310,1.00
311,1.00
312,1.00
313,1.00
314,1.00
315,1.00
316,1.00
317,1.00
318,1.00
319,1.00
320,1.00
321,1.00
322,1.00
323,1.00
324,1.00
325,1.00
326,1.00
327,1.00
328,1.00
329,1.00
330,1.00
331,1.00
332,1.00
333,1.00
334,1.00
335,1.00
336,1.00
337,1.00
338,1.00
339,1.00
340,1.00
341,1.00
342,1.00
343,1.00
344,1.00
345,1.00
346,1.00
347,1.00
348,1.00
349,1.00
350,1.00
351,1.00
352,1.00
353,1.00
354,1.00
355,1.00
356,1.00
357,1.00
358,1.00
359,1.00
360,1.00
361,1.00
362,1.00
363,1.00
364,1.00
365,1.00
366,1.00
367,1.00
368,1.00
369,1.00
370,1.00
371,1.00
372,1.00
373,1.00
374,1.00
375,1.00
376,1.00
377,1.00
378,1.00
379,1.00
380,1.00
381,1.00
382,1.00
383,1.00
384,1.00
385,1.00
386,1.00
387,1.00
388,1.00
389,1.00
390,1.00
391,1.00
392,1.00
393,1.00
394,1.00
395,1.00
396,1.00
397,1.00
398,1.00
399,1.00
400,1.00
401,1.00
402,1.00
403,1.00
404,1.00
405,1.00
406,1.00
407,1.00
408,1.00
409,1.00
410,1.00
411,1.00
412,1.00
413,1.00
414,1.00
415,1.00
416,1.00
417,1.00
418,1.00
419,1.00
420,1.00
421,1.00
422,1.00
423,1.00
424,1.00
425,1.00
426,1.00
427,1.00
428,1.00
429,1.00
430,1.00
431,1.00
432,1.00
433,1.00
434,1.00
435,1.00
436,1.00
437,1.00
438,1.00
439,1.00
440,1.00
441,1.00
442,1.00
443,1.00
444,1.00
445,1.00
446,1.00
447,1.00
448,1.00
449,1.00
450,1.00
451,1.00
452,1.00
453,1.00
454,1.00
455,1.00
456,1.00
457,1.00
458,1.00
459,1.00
460,1.00
461,1.00
462,1.00
463,1.00
464,1.00
465,1.00
466,1.00
467,1.00
468,1.00
469,1.00
470,1.00
471,1.00
472,1.00
473,1.00
474,1.00
475,1.00
476,1.00
477,1.00
478,1.00
479,1.00
480,1.00
481,1.00
482,1.00
483,1.00
484,1.00
485,1.00
486,1.00
487,1.00
488,1.00
489,1.00
490,1.00
491,1.00
492,1.00
493,1.00
494,1.00
495,1.00
496,1.00
497,1.00
498,1.00
499,1.00
500,1.00
501,1.00
502,1.00
503,1.00
504,1.00
505,1.00
506,1.00
507,1.00
508,1.00
509,1.00
510,1.00
511,1.00
512,1.00
513,1.00
514,1.00
515,1.00
516,1.00
517,1.00
518,1.00
519,1.00
520,1.00
521,1.00
522,1.00
523,1.00
524,1.00
525,1.00
526,1.00
527,1.00
528,1.00
529,1.00
530,1.00
531,1.00
532,1.00
533,1.00
534,1.00
535,1.00
536,1.00
537,1.00
538,1.00
539,1.00
540,1.00
541,1.00
542,1.00
543,1.00
544,1.00
545,1.00
546,1.00
547,1.00
548,1.00
549,1.00
550,1.00
551,1.00
552,1.00
553,1.00
554,1.00
555,1.00
556,1.00
557,1.00
558,1.00
559,1.00
560,1.00
561,1.00
562,1.00
563,1.00
564,1.00
565,1.00
566,1.00
567,1.00
568,1.00
569,1.00
570,1.00
571,1.00
572,1.00
573,1.00
574,1.00
575,1.00
576,1.00
577,1.00
578,1.00
579,1.00
580,1.00
581,1.00
582,1.00
583,1.00
584,1.00
585,1.00
586,1.00
587,1.00
588,1.00
589,1.00
590,1.00
591,1.00
592,1.00
593,1.00
594,1.00
595,1.00
596,1.00
597,1.00
598,1.00
599,1.00
600,1.00
601,1.00
602,1.00
603,1.00
604,1.00
605,1.00
606,1.00
607,1.00
608,1.00
609,1.00
610,1.00
611,1.00
612,1.00
613,1.00
614,1.00
615,1.00
616,1.00
617,1.00
618,1.00
619,1.00
620,1.00
621,1.00
622,1.00
623,1.00
624,1.00
625,1.00
626,1.00
627,1.00
628,1.00
629,1.00
630,1.00
631,1.00
632,1.00
633,1.00
634,1.00
635,1.00
636,1.00
637,1.00
638,1.00
639,1.00
640,1.00
641,1.00
642,1.00
643,1.00
644,1.00
645,1.00
646,1.00
647,1.00
648,1.00
649,1.00
650,1.00
651,1.00
652,1.00
653,1.00
654,1.00
655,1.00
656,1.00
657,1.00
658,1.00
659,1.00
660,1.00
661,1.00
662,1.00
663,1.00
664,1.00
665,1.00
666,1.00
667,1.00
668,1.00
669,1.00
670,1.00
671,1.00
672,1.00
673,1.00
674,1.00
675,1.00
676,1.00
677,1.00
678,1.00
679,1.00
680,1.00
681,1.00
682,1.00
683,1.00
684,1.00
685,1.00
686,1.00
687,1.00
688,1.00
689,1.00
690,1.00
691,1.00
692,1.00
693,1.00
694,1.00
695,1.00
696,1.00
697,1.00
698,1.00
699,1.00
700,1.00
701,1.00
702,1.00
703,1.00
704,1.00
705,1.00
706,1.00
707,1.00
708,1.00
709,1.00
710,1.00
711,1.00
712,1.00
713,1.00
714,1.00
715,1.00
716,1.00
717,1.00
718,1.00
719,1.00
720,1.00
721,1.00
722,1.00
723,1.00
724,1.00
725,1.00
726,1.00
727,1.00
728,1.00
729,1.00
730,1.00
731,1.00
732,1.00
733,1.00
734,1.00
735,1.00
736,1.00
737,1.00
738,1.00
739,1.00
740,1.00
741,1.00
742,1.00
743,1.00
744,1.00
745,1.00
746,1.00
747,1.00
748,1.00
749,1.00
750,1.00
751,1.00
752,1.00
753,1.00
754,1.00
755,1.00
756,1.00
757,1.00
758,1.00
759,1.00
760,1.00
761,1.00
762,1.00
763,1.00
764,1.00
765,1.00
766,1.00
767,1.00
768,1.00
769,1.00
770,1.00
771,1.00
772,1.00
773,1.00
774,1.00
775,1.00
776,1.00
777,1.00
778,1.00
779,1.00
780,1.00
781,1.00
782,1.00
783,1.00
784,1.00
785,1.00
786,1.00
787,1.00
788,1.00
789,1.00
790,1.00
791,1.00
792,1.00
793,1.00
794,1.00
795,1.00
796,1.00
797,1.00
798,1.00
799,1.00
800,1.00
801,1.00
802,1.00
803,1.00
804,1.00
805,1.00
806,1.00
807,1.00
808,1.00
809,1.00
810,1.00
811,1.00
812,1.00
813,1.00
814,1.00
815,1.00
816,1.00
817,1.00
818,1.00
819,1.00
820,1.00
821,1.00
822,1.00
823,1.00
824,1.00
825,1.00
826,1.00
827,1.00
828,1.00
829,1.00
830,1.00
831,1.00
832,1.00
833,1.00
834,1.00
835,1.00
836,1.00
837,1.00
838,1.00
839,1.00
840,1.00
841,1.00
842,1.00
843,1.00
844,1.00
845,1.00
846,1.00
847,1.00
848,1.00
849,1.00
850,1.00
851,1.00
852,1.00
853,1.00
854,1.00
855,1.00
856,1.00
857,1.00
858,1.00
859,1.00
860,1.00
861,1.00
862,1.00
863,1.00
864,1.00
865,1.00
866,1.00
867,1.00
868,1.00
869,1.00
870,1.00
871,1.00
872,1.00
873,1.00
874,1.00
875,1.00
876,1.00
877,1.00
878,1.00
879,1.00
880,1.00
881,1.00
882,1.00
883,1.00
884,1.00
885,1.00
886,1.00
887,1.00
888,1.00
889,1.00
890,1.00
891,1.00
892,1.00
893,1.00
894,1.00
895,1.00
896,1.00
897,1.00
898,1.00
899,1.00
900,1.00
901,1.00
902,1.00
903,1.00
904,1.00
905,1.00
906,1.00
907,1.00
908,1.00
909,1.00
910,1.00
911,1.00
912,1.00
913,1.00
914,1.00
915,1.00
916,1.00
917,1.00
918,1.00
919,1.00
920,1.00
921,1.00
922,1.00
923,1.00
924,1.00
925,1.00
926,1.00
927,1.00
928,1.00
929,1.00
930,1.00
931,1.00
932,1.00
933,1.00
934,1.00
935,1.00
936,1.00
937,1.00
938,1.00
939,1.00
940,1.00
941,1.00
942,1.00
943,1.00
944,1.00
945,1.00
946,1.00
947,1.00
948,1.00
949,1.00
950,1.00
951,1.00
952,1.00
953,1.00
954,1.00
955,1.00
956,1.00
957,1.00
958,1.00
959,1.00
960,1.00
961,1.00
962,1.00
963,1.00
964,1.00
965,1.00
966,1.00
967,1.00
968,1.00
969,1.00
970,1.00
971,1.00
972,1.00
973,1.00
974,1.00
975,1.00
976,1.00
977,1.00
978,1.00
979,1.00
980,1.00
981,1.00
982,1.00
983,1.00
984,1.00
985,1.00
986,1.00
987,1.00
988,1.00
989,1.00
990,1.00
991,1.00
992,1.00
993,1.00
994,1.00
995,1.00
996,1.00
997,1.00
998,1.00
999,1.00
1000,1.00
1001,1.00
1002,1.00
1003,1.00
1004,1.00
1005,1.00
1006,1.00
1007,1.00
1008,1.00
1009,1.00
1010,1.00
1011,1.00
1012,1.00
1013,1.00
1014,1.00
1015,1.00
1016,1.00
1017,1.00
1018,1.00
1019,1.00
1020,1.00
1021,1.00
1022,1.00
1023,1.00
1024,1.00
1025,1.00
1026,1.00
1027,1.00
1028,1.00
1029,1.00
1030,1.00
1031,1.00
1032,1.00
1033,1.00
1034,1.00
1035,1.00
1036,1.00
1037,1.00
1038,1.00
1039,1.00
1040,1.00
1041,1.00
1042,1.00
1043,1.00
1044,1.00
1045,1.00
1046,1.00
1047,1.00
1048,1.00
1049,1.00
1050,1.00
1051,1.00
1052,1.00
1053,1.00
1054,1.00
1055,1.00
1056,1.00
1057,1.00
1058,1.00
1059,1.00
1060,1.00
1061,1.00
1062,1.00
1063,1.00
1064,1.00
1065,1.00
1066,1.00
1067,1.00
1068,1.00
1069,1.00
1070,1.00
1071,1.00
1072,1.00
1073,1.00
1074,1.00
1075,1.00
1076,1.00
1077,1.00
1078,1.00
1079,1.00
1080,1.00
1081,1.00
1082,1.00
1083,1.00
1084,1.00
1085,1.00
1086,1.00
1087,1.00
1088,1.00
1089,1.00
1090,1.00
1091,1.00
1092,1.00
1093,1.00
1094,1.00
1095,1.00
1096,1.00
1097,1.00
1098,1.00
1099,1.00
1100,1.00
1101,1.00
1102,1.00
1103,1.00
1104,1.00
1105,1.00
1106,1.00
1107,1.00
1108,1.00
1109,1.00
1110,1.00
1111,1.00
1112,1.00
1113,1.00
1114,1.00
1115,1.00
1116,1.00
1117,1.00
1118,1.00
1119,1.00
1120,1.00
1121,1.00
1122,1.00
1123,1.00
1124,1.00
1125,1.00
1126,1.00
1127,1.00
1128,1.00
1129,1.00
1130,1.00
1131,1.00
1132,1.00
1133,1.00
1134,1.00
1135,1.00
1136,1.00
1137,1.00
1138,1.00
1139,1.00
1140,1.00
1141,1.00
1142,1.00
1143,1.00
1144,1.00
1145,1.00
1146,1.00
1147,1.00
1148,1.00
1149,1.00
1150,1.00
1151,1.00
1152,1.00
1153,1.00
1154,1.00
1155,1.00
1156,1.00
1157,1.00
1158,1.00
1159,1.00
1160,1.00
1161,1.00
1162,1.00
1163,1.00
1164,1.00
1165,1.00
1166,1.00
1167,1.00
1168,1.00
1169,1.00
1170,1.00
1171,1.00
1172,1.00
1173,1.00
1174,1.00
1175,1.00
1176,1.00
1177,1.00
1178,1.00
1179,1.00
1180,1.00
1181,1.00
1182,1.00
1183,1.00
1184,1.00
1185,1.00
1186,1.00
1187,1.00
1188,1.00
1189,1.00
1190,1.00
1191,1.00
1192,1.00
1193,1.00
1194,1.00
1195,1.00
1196,1.00
1197,1.00
1198,1.00
1199,1.00
1200,1.00
1201,1.00
1202,1.00
1203,1.00
1204,1.00
1205,1.00
1206,1.00
1207,1.00
1208,1.00
1209,1.00
1210,1.00
1211,1.00
1212,1.00
1213,1.00
1214,1.00
1215,1.00
1216,1.00
1217,1.00
1218,1.00
1219,1.00
1220,1.00
1221,1.00
1222,1.00
1223,1.00
1224,1.00
1225,1.00
1226,1.00
1227,1.00
1228,1.00
1229,1.00
1230,1.00
1231,1.00
1232,1.00
1233,1.00
1234,1.00
1235,1.00
1236,1.00
1237,1.00
1238,1.00
1239,1.00
1240,1.00
1241,1.00
1242,1.00
1243,1.00
1244,1.00
1245,1.00
1246,1.00
1247,1.00
1248,1.00
1249,1.00
1250,1.00
1251,1.00
1252,1.00
1253,1.00
1254,1.00
1255,1.00
1256,1.00
1257,1.00
1258,1.00
1259,1.00
1260,1.00
1261,1.00
1262,1.00
1263,1.00
1264,1.00
1265,1.00
1266,1.00
1267,1.00
1268,1.00
1269,1.00
1270,1.00
1271,1.00
1272,1.00
1273,1.00
1274,1.00
1275,1.00
1276,1.00
1277,1.00
1278,1.00
1279,1.00
1280,1.00
1281,1.00
1282,1.00
1283,1.00
1284,1.00
1285,1.00
1286,1.00
1287,1.00
1288,1.00
1289,1.00
1290,1.00
1291,1.00
1292,1.00
1293,1.00
1294,1.00
1295,1.00
1296,1.00
1297,1.00
1298,1.00
1299,1.00
1300,1.00
1301,1.00
1302,1.00
1303,1.00
1304,1.00
1305,1.00
1306,1.00
1307,1.00
1308,1.00
1309,1.00
1310,1.00
1311,1.00
1312,1.00
1313,1.00
1314,1.00
1315,1.00
1316,1.00
1317,1.00
1318,1.00
1319,1.00
1320,1.00
1321,1.00
1322,1.00
1323,1.00
1324,1.00
1325,1.00
1326,1.00
1327,1.00
1328,1.00
1329,1.00
1330,1.00
1331,1.00
1332,1.00
1333,1.00
1334,1.00
1335,1.00
1336,1.00
1337,1.00
1338,1.00
1339,1.00
1340,1.00
1341,1.00
1342,1.00
1343,1.00
1344,1.00
1345,1.00
1346,1.00
1347,1.00
1348,1.00
1349,1.00
1350,1.00
1351,1.00
1352,1.00
1353,1.00
1354,1.00
1355,1.00
1356,1.00
1357,1.00
1358,1.00
1359,1.00
1360,1.00
1361,1.00
1362,1.00
1363,1.00
1364,1.00
1365,1.00
1366,1.00
1367,1.00
1368,1.00
1369,1.00
1370,1.00
1371,1.00
1372,1.00
1373,1.00
1374,1.00
1375,1.00
1376,1.00
1377,1.00
1378,1.00
1379,1.00
1380,1.00
1381,1.00
1382,1.00
1383,1.00
1384,1.00
1385,1.00
1386,1.00
1387,1.00
1388,1.00
1389,1.00
1390,1.00
1391,1.00
1392,1.00
1393,1.00
1394,1.00
1395,1.00
1396,1.00
1397,1.00
1398,1.00
1399,1.00
1400,1.00
1401,1.00
1402,1.00
1403,1.00
1404,1.00
1405,1.00
1406,1.00
1407,1.00
1408,1.00
1409,1.00
1410,1.00
1411,1.00
1412,1.00
1413,1.00
1414,1.00
1415,1.00
1416,1.00
1417,1.00
1418,1.00
1419,1.00
1420,1.00
1421,1.00
1422,1.00
1423,1.00
1424,1.00
1425,1.00
1426,1.00
1427,1.00
1428,1.00
1429,1.00
1430,1.00
1431,1.00
1432,1.00
1433,1.00
1434,1.00
1435,1.00
1436,1.00
1437,1.00
1438,1.00
1439,1.00
1440,1.00
1441,1.00
1442,1.00
1443,1.00
1444,1.00
1445,1.00
1446,1.00
1447,1.00
1448,1.00
1449,1.00
1450,1.00
1451,1.00
1452,1.00
1453,1.00
1454,1.00
1455,1.00
1456,1.00
1457,1.00
1458,1.00
1459,1.00
1460,1.00
1461,1.00
1462,1.00
1463,1.00
1464,1.00
1465,1.00
1466,1.00
1467,1.00
1468,1.00
1469,1.00
1470,1.00
1471,1.00
1472,1.00
1473,1.00
1474,1.00
1475,1.00
1476,1.00
1477,1.00
1478,1.00
1479,1.00
1480,1.00
1481,1.00
1482,1.00
1483,1.00
1484,1.00
1485,1.00
1486,1.00
1487,1.00
1488,1.00
1489,1.00
1490,1.00
1491,1.00
1492,1.00
1493,1.00
1494,1.00
1495,1.00
1496,1.00
1497,1.00
1498,1.00
1499,1.00
1500,1.00
1501,1.00
1502,1.00
1503,1.00
1504,1.00
1505,1.00
1506,1.00
1507,1.00
1508,1.00
1509,1.00
1510,1.00
1511,1.00
1512,1.00
1513,1.00
1514,1.00
1515,1.00
1516,1.00
1517,1.00
1518,1.00
1519,1.00
1520,1.00
1521,1.00
1522,1.00
1523,1.00
1524,1.00
1525,1.00
1526,1.00
1527,1.00
1528,1.00
1529,1.00
1530,1.00
1531,1.00
1532,1.00
1533,1.00
1534,1.00
1535,1.00
1536,1.00
1537,1.00
1538,1.00
1539,1.00
1540,1.00
1541,1.00
1542,1.00
1543,1.00
1544,1.00
1545,1.00
1546,1.00
1547,1.00
1548,1.00
1549,1.00
1550,1.00
1551,1.00
1552,1.00
1553,1.00
1554,1.00
1555,1.00
1556,1.00
1557,1.00
1558,1.00
1559,1.00
1560,1.00
1561,1.00
1562,1.00
1563,1.00
1564,1.00
1565,1.00
1566,1.00
1567,1.00
1568,1.00
1569,1.00
1570,1.00
1571,1.00
1572,1.00
1573,1.00
1574,1.00
1575,1.00
1576,1.00
1577,1.00
1578,1.00
1579,1.00
1580,1.00
1581,1.00
1582,1.00
1583,1.00
1584,1.00
1585,1.00
1586,1.00
1587,1.00
1588,1.00
1589,1.00
1590,1.00
1591,1.00
1592,1.00
1593,1.00
1594,1.00
1595,1.00
1596,1.00
1597,1.00
1598,1.00
1599,1.00
1600,1.00
1601,1.00
1602,1.00
1603,1.00
1604,1.00
1605,1.00
1606,1.00
1607,1.00
1608,1.00
1609,1.00
1610,1.00
1611,1.00
1612,1.00
1613,1.00
1614,1.00
1615,1.00
1616,1.00
1617,1.00
1618,1.00
1619,1.00
1620,1.00
1621,1.00
1622,1.00
1623,1.00
1624,1.00
1625,1.00
1626,1.00
1627,1.00
1628,1.00
1629,1.00
1630,1.00
1631,1.00
1632,1.00
1633,1.00
1634,1.00
1635,1.00
1636,1.00
1637,1.00
1638,1.00
1639,1.00
1640,1.00
1641,1.00
1642,1.00
1643,1.00
1644,1.00
1645,1.00
1646,1.00
1647,1.00
1648,1.00
1649,1.00
1650,1.00
1651,1.00
1652,1.00
1653,1.00
1654,1.00
1655,1.00
1656,1.00
1657,1.00
1658,1.00
1659,1.00
1660,1.00
1661,1.00
1662,1.00
1663,1.00
1664,1.00
1665,1.00
1666,1.00
1667,1.00
1668,1.00
1669,1.00
1670,1.00
1671,1.00
1672,1.00
1673,1.00
1674,1.00
1675,1.00
1676,1.00
1677,1.00
1678,1.00
1679,1.00
1680,1.00
1681,1.00
1682,1.00
1683,1.00
1684,1.00
1685,1.00
1686,1.00
1687,1.00
1688,1.00
1689,1.00
1690,1.00
1691,1.00
1692,1.00
1693,1.00
1694,1.00
1695,1.00
1696,1.00
1697,1.00
1698,1.00
1699,1.00
1700,1.00
1701,1.00
1702,1.00
1703,1.00
1704,1.00
1705,1.00
1706,1.00
1707,1.00
1708,1.00
1709,1.00
1710,1.00
1711,1.00
1712,1.00
1713,1.00
1714,1.00
1715,1.00
1716,1.00
1717,1.00
1718,1.00
1719,1.00
1720,1.00
1721,1.00
1722,1.00
1723,1.00
1724,1.00
1725,1.00
1726,1.00
1727,1.00
1728,1.00
1729,1.00
1730,1.00
1731,1.00
1732,1.00
1733,1.00
1734,1.00
1735,1.00
1736,1.00
1737,1.00
1738,1.00
1739,1.00
1740,1.00
1741,1.00
1742,1.00
1743,1.00
1744,1.00
1745,1.00
1746,1.00
1747,1.00
1748,1.00
1749,1.00
1750,1.00
1751,1.00
1752,1.00
1753,1.00
1754,1.00
1755,1.00
1756,1.00
1757,1.00
1758,1.00
1759,1.00
1760,1.00
1761,1.00
1762,1.00
1763,1.00
1764,1.00
1765,1.00
1766,1.00
1767,1.00
1768,1.00
1769,1.00
1770,1.00
1771,1.00
1772,1.00
1773,1.00
1774,1.00
1775,1.00
1776,1.00
1777,1.00
1778,1.00
1779,1.00
1780,1.00
1781,1.00
1782,1.00
1783,1.00
1784,1.00
1785,1.00
1786,1.00
1787,1.00
1788,1.00
1789,1.00
1790,1.00
1791,1.00
1792,1.00
1793,1.00
1794,1.00
1795,1.00
1796,1.00
1797,1.00
1798,1.00
1799,1.00
1800,1.00
1801,1.00
1802,1.00
1803,1.00
1804,1.00
1805,1.00
1806,1.00
1807,1.00
1808,1.00
1809,1.00
1810,1.00
1811,1.00
1812,1.00
1813,1.00
1814,1.00
1815,1.00
1816,1.00
1817,1.00
1818,1.00
1819,1.00
1820,1.00
1821,1.00
1822,1.00
1823,1.00
1824,1.00
1825,1.00
1826,1.00
1827,1.00
1828,1.00
1829,1.00
1830,1.00
1831,1.00
1832,1.00
1833,1.00
1834,1.00
1835,1.00
1836,1.00
1837,1.00
1838,1.00
1839,1.00
1840,1.00
1841,1.00
1842,1.00
1843,1.00
1844,1.00
1845,1.00
1846,1.00
1847,1.00
1848,1.00
1849,1.00
1850,1.00
1851,1.00
1852,1.00
1853,1.00
1854,1.00
1855,1.00
1856,1.00
1857,1.00
1858,1.00
1859,1.00
1860,1.00
1861,1.00
1862,1.00
1863,1.00
1864,1.00
1865,1.00
1866,1.00
1867,1.00
1868,1.00
1869,1.00
1870,1.00
1871,1.00
1872,1.00
1873,1.00
1874,1.00
1875,1.00
1876,1.00
1877,1.00
1878,1.00
1879,1.00
1880,1.00
1881,1.00
1882,1.00
1883,1.00
1884,1.00
1885,1.00
1886,1.00
1887,1.00
1888,1.00
1889,1.00
1890,1.00
1891,1.00
1892,1.00
1893,1.00
1894,1.00
1895,1.00
1896,1.00
1897,1.00
1898,1.00
1899,1.00
1900,1.00
1901,1.00
1902,1.00
1903,1.00
1904,1.00
1905,1.00
1906,1.00
1907,1.00
1908,1.00
1909,1.00
1910,1.00
1911,1.00
1912,1.00
1913,1.00
1914,1.00
1915,1.00
1916,1.00
1917,1.00
1918,1.00
1919,1.00
1920,1.00
1921,1.00
1922,1.00
1923,1.00
1924,1.00
1925,1.00
1926,1.00
1927,1.00
1928,1.00
1929,1.00
1930,1.00
1931,1.00
1932,1.00
1933,1.00
1934,1.00
1935,1.00
1936,1.00
1937,1.00
1938,1.00
1939,1.00
1940,1.00
1941,1.00
1942,1.00
1943,1.00
1944,1.00
1945,1.00
1946,1.00
1947,1.00
1948,1.00
1949,1.00
1950,1.00
1951,1.00
1952,1.00
1953,1.00
1954,1.00
1955,1.00
1956,1.00
1957,1.00
1958,1.00
1959,1.00
1960,1.00
1961,1.00
1962,1.00
1963,1.00
1964,1.00
1965,1.00
1966,1.00
1967,1.00
1968,1.00
1969,1.00
1970,1.00
1971,1.00
1972,1.00
1973,1.00
1974,1.00
1975,1.00
1976,1.00
1977,1.00
1978,1.00
1979,1.00
1980,1.00
1981,1.00
1982,1.00
1983,1.00
1984,1.00
1985,1.00
1986,1.00
1987,1.00
1988,1.00
1989,1.00
1990,1.00
1991,1.00
1992,1.00
1993,1.00
1994,1.00
1995,1.00
1996,1.00
1997,1.00
1998,1.00
1999,1.00
2000,1.00
2001,1.00
2002,1.00
2003,1.00
2004,1.00
2005,1.00
2006,1.00
2007,1.00
2008,1.00
2009,1.00
2010,1.00
2011,1.00
2012,1.00
2013,1.00
2014,1.00
2015,1.00
2016,1.00
2017,1.00
2018,1.00
2019,1.00
2020,1.00
2021,1.00
2022,1.00
2023,1.00
2024,1.00
2025,1.00
2026,1.00
2027,1.00
2028,1.00
2029,1.00
2030,1.00
2031,1.00
2032,1.00
2033,1.00
2034,1.00
2035,1.00
2036,1.00
2037,1.00
2038,1.00
2039,1.00
2040,1.00
2041,1.00
2042,1.00
2043,1.00
2044,1.00
2045,1.00
2046,1.00
2047,1.00
2048,1.00
2049,1.00
2050,1.00
2051,1.00
2052,1.00
2053,1.00
2054,1.00
2055,1.00
2056,1.00
2057,1.00
2058,1.00
2059,1.00
2060,1.00
2061,1.00
2062,1.00
2063,1.00
2064,1.00
2065,1.00
2066,1.00
2067,1.00
2068,1.00
2069,1.00
2070,1.00
2071,1.00
2072,1.00
2073,1.00
2074,1.00
2075,1.00
2076,1.00
2077,1.00
2078,1.00
2079,1.00
2080,1.00
2081,1.00
2082,1.00
2083,1.00
2084,1.00
2085,1.00
2086,1.00
2087,1.00
2088,1.00
2089,1.00
2090,1.00
2091,1.00
2092,1.00
2093,1.00
2094,1.00
2095,1.00
2096,1.00
2097,1.00
2098,1.00
2099,1.00
2100,1.00
2101,1.00
2102,1.00
2103,1.00
2104,1.00
2105,1.00
2106,1.00
2107,1.00
2108,1.00
2109,1.00
2110,1.00
2111,1.00
2112,1.00
2113,1.00
2114,1.00
2115,1.00
2116,1.00
2117,1.00
2118,1.00
2119,1.00
2120,1.00
2121,1.00
2122,1.00
2123,1.00
2124,1.00
2125,1.00
2126,1.00
2127,1.00
2128,1.00
2129,1.00
2130,1.00
2131,1.00
2132,1.00
2133,1.00
2134,1.00
2135,1.00
2136,1.00
2137,1.00
2138,1.00
2139,1.00
2140,1.00
2141,1.00
2142,1.00
2143,1.00
2144,1.00
2145,1.00
2146,1.00
2147,1.00
2148,1.00
2149,1.00
2150,1.00
2151,1.00
2152,1.00
2153,1.00
2154,1.00
2155,1.00
2156,1.00
2157,1.00
2158,1.00
2159,1.00
2160,1.00
2161,1.00
2162,1.00
2163,1.00
2164,1.00
2165,1.00
2166,1.00
2167,1.00
2168,1.00
2169,1.00
2170,1.00
2171,1.00
2172,1.00
2173,1.00
2174,1.00
2175,1.00
2176,1.00
2177,1.00
2178,1.00
2179,1.00
2180,1.00
2181,1.00
2182,1.00
2183,1.00
2184,1.00
2185,1.00
2186,1.00
2187,1.00
2188,1.00
2189,1.00
2190,1.00
2191,1.00
2192,1.00
2193,1.00
2194,1.00
2195,1.00
2196,1.00
2197,1.00
2198,1.00
2199,1.00
2200,1.00
2201,1.00
2202,1.00
2203,1.00
2204,1.00
2205,1.00
2206,1.00
2207,1.00
2208,1.00
2209,1.00
2210,1.00
2211,1.00
2212,1.00
2213,1.00
2214,1.00
2215,1.00
2216,1.00
2217,1.00
2218,1.00
2219,1.00
2220,1.00
2221,1.00
2222,1.00
2223,1.00
2224,1.00
2225,1.00
2226,1.00
2227,1.00
2228,1.00
2229,1.00
2230,1.00
2231,1.00
2232,1.00
2233,1.00
2234,1.00
2235,1.00
2236,1.00
2237,1.00
2238,1.00
2239,1.00
2240,1.00
2241,1.00
2242,1.00
2243,1.00
2244,1.00
2245,1.00
2246,1.00
2247,1.00
2248,1.00
2249,1.00
2250,1.00
2251,1.00
2252,1.00
2253,1.00
2254,1.00
2255,1.00
2256,1.00
2257,1.00
2258,1.00
2259,1.00
2260,1.00
2261,1.00
2262,1.00
2263,1.00
2264,1.00
2265,1.00
2266,1.00
2267,1.00
2268,1.00
2269,1.00
2270,1.00
2271,1.00
2272,1.00
2273,1.00
2274,1.00
2275,1.00
2276,1.00
2277,1.00
2278,1.00
2279,1.00
2280,1.00
2281,1.00
2282,1.00
2283,1.00
2284,1.00
2285,1.00
2286,1.00
2287,1.00
2288,1.00
2289,1.00
2290,1.00
2291,1.00
2292,1.00
2293,1.00
2294,1.00
2295,1.00
2296,1.00
2297,1.00
2298,1.00
2299,1.00
2300,1.00
2301,1.00
2302,1.00
2303,1.00
2304,1.00
2305,1.00
2306,1.00
2307,1.00
2308,1.00
2309,1.00
2310,1.00
2311,1.00
2312,1.00
2313,1.00
2314,1.00
2315,1.00
2316,1.00
2317,1.00
2318,1.00
2319,1.00
2320,1.00
2321,1.00
2322,1.00
2323,1.00
2324,1.00
2325,1.00
2326,1.00
2327,1.00
2328,1.00
2329,1.00
2330,1.00
2331,1.00
2332,1.00
2333,1.00
2334,1.00
2335,1.00
2336,1.00
2337,1.00
2338,1.00
2339,1.00
2340,1.00
2341,1.00
2342,1.00
2343,1.00
2344,1.00
2345,1.00
2346,1.00
2347,1.00
2348,1.00
2349,1.00
2350,1.00
2351,1.00
2352,1.00
2353,1.00
2354,1.00
2355,1.00
2356,1.00
2357,1.00
2358,1.00
2359,1.00
2360,1.00
2361,1.00
2362,1.00
2363,1.00
2364,1.00
2365,1.00
2366,1.00
2367,1.00
2368,1.00
2369,1.00
2370,1.00
2371,1.00
2372,1.00
2373,1.00
2374,1.00
2375,1.00
2376,1.00
2377,1.00
2378,1.00
2379,1.00
2380,1.00
2381,1.00
2382,1.00
2383,1.00
2384,1.00
2385,1.00
2386,1.00
2387,1.00
2388,1.00
2389,1.00
2390,1.00
2391,1.00
2392,1.00
2393,1.00
2394,1.00
2395,1.00
2396,1.00
2397,1.00
2398,1.00
2399,1.00
2400,1.00
2401,1.00
2402,1.00
2403,1.00
2404,1.00
2405,1.00
2406,1.00
2407,1.00
2408,1.00
2409,1.00
2410,1.00
2411,1.00
2412,1.00
2413,1.00
2414,1.00
2415,1.00
2416,1.00
2417,1.00
2418,1.00
2419,1.00
2420,1.00
2421,1.00
2422,1.00
2423,1.00
2424,1.00
2425,1.00
2426,1.00
2427,1.00
2428,1.00
2429,1.00
2430,1.00
2431,1.00
2432,1.00
2433,1.00
2434,1.00
2435,1.00
2436,1.00
2437,1.00
2438,1.00
2439,1.00
2440,1.00
2441,1.00
2442,1.00
2443,1.00
2444,1.00
2445,1.00
2446,1.00
2447,1.00
2448,1.00
2449,1.00
2450,1.00
2451,1.00
2452,1.00
2453,1.00
2454,1.00
2455,1.00
2456,1.00
2457,1.00
2458,1.00
2459,1.00
2460,1.00
2461,1.00
2462,1.00
2463,1.00
2464,1.00
2465,1.00
2466,1.00
2467,1.00
2468,1.00
2469,1.00
2470,1.00
2471,1.00
2472,1.00
2473,1.00
2474,1.00
2475,1.00
2476,1.00
2477,1.00
2478,1.00
2479,1.00
2480,1.00
2481,1.00
2482,1.00
2483,1.00
2484,1.00
2485,1.00
2486,1.00
2487,1.00
2488,1.00
2489,1.00
2490,1.00
2491,1.00
2492,1.00
2493,1.00
2494,1.00
2495,1.00
2496,1.00
2497,1.00
2498,1.00
2499,1.00
2500,1.00
2501,1.00
2502,1.00
2503,1.00
2504,1.00
2505,1.00
2506,1.00
2507,1.00
2508,1.00
2509,1.00
2510,1.00
2511,1.00
2512,1.00
2513,1.00
2514,1.00
2515,1.00
2516,1.00
2517,1.00
2518,1.00
2519,1.00
2520,1.00
2521,1.00
2522,1.00
2523,1.00
2524,1.00
2525,1.00
2526,1.00
2527,1.00
2528,1.00
2529,1.00
2530,1.00
2531,1.00
2532,1.00
2533,1.00
2534,1.00
2535,1.00
2536,1.00
2537,1.00
2538,1.00
2539,1.00
2540,1.00
2541,1.00
2542,1.00
2543,1.00
2544,1.00
2545,1.00
2546,1.00
2547,1.00
2548,1.00
2549,1.00
2550,1.00
2551,1.00
2552,1.00
2553,1.00
2554,1.00
2555,1.00
2556,1.00
2557,1.00
2558,1.00
2559,1.00
2560,1.00
2561,1.00
2562,1.00
2563,1.00
2564,1.00
2565,1.00
2566,1.00
2567,1.00
2568,1.00
2569,1.00
2570,1.00
2571,1.00
2572,1.00
2573,1.00
2574,1.00
2575,1.00
2576,1.00
2577,1.00
2578,1.00
2579,1.00
2580,1.00
2581,1.00
2582,1.00
2583,1.00
2584,1.00
2585,1.00
2586,1.00
2587,1.00
2588,1.00
2589,1.00
2590,1.00
2591,1.00
2592,1.00
2593,1.00
2594,1.00
2595,1.00
2596,1.00
2597,1.00
2598,1.00
2599,1.00
2600,1.00
2601,1.00
2602,1.00
2603,1.00
2604,1.00
2605,1.00
2606,1.00
2607,1.00
2608,1.00
2609,1.00
2610,1.00
2611,1.00
2612,1.00
2613,1.00
2614,1.00
2615,1.00
2616,1.00
2617,1.00
2618,1.00
2619,1.00
2620,1.00
2621,1.00
2622,1.00
2623,1.00
2624,1.00
2625,1.00
2626,1.00
2627,1.00
2628,1.00
2629,1.00
2630,1.00
2631,1.00
2632,1.00
2633,1.00
2634,1.00
2635,1.00
2636,1.00
2637,1.00
2638,1.00
2639,1.00
2640,1.00
2641,1.00
2642,1.00
2643,1.00
2644,1.00
2645,1.00
2646,1.00
2647,1.00
2648,1.00
2649,1.00
2650,1.00
2651,1.00
2652,1.00
2653,1.00
2654,1.00
2655,1.00
2656,1.00
2657,1.00
2658,1.00
2659,1.00
2660,1.00
2661,1.00
2662,1.00
2663,1.00
2664,1.00
2665,1.00
2666,1.00
2667,1.00
2668,1.00
2669,1.00
2670,1.00
2671,1.00
2672,1.00
2673,1.00
2674,1.00
2675,1.00
2676,1.00
2677,1.00
2678,1.00
2679,1.00
2680,1.00
2681,1.00
2682,1.00
2683,1.00
2684,1.00
2685,1.00
2686,1.00
2687,1.00
2688,1.00
2689,1.00
2690,1.00
2691,1.00
2692,1.00
2693,1.00
2694,1.00
2695,1.00
2696,1.00
2697,1.00
2698,1.00
2699,1.00
2700,1.00
2701,1.00
2702,1.00
2703,1.00
2704,1.00
2705,1.00
2706,1.00
2707,1.00
2708,1.00
2709,1.00
2710,1.00
2711,1.00
2712,1.00
2713,1.00
2714,1.00
2715,1.00
2716,1.00
2717,1.00
2718,1.00
2719,1.00
2720,1.00
2721,1.00
2722,1.00
2723,1.00
2724,1.00
2725,1.00
2726,1.00
2727,1.00
2728,1.00
2729,1.00
2730,1.00
2731,1.00
2732,1.00
2733,1.00
2734,1.00
2735,1.00
2736,1.00
2737,1.00
2738,1.00
2739,1.00
2740,1.00
2741,1.00
2742,1.00
2743,1.00
2744,1.00
2745,1.00
2746,1.00
2747,1.00
2748,1.00
2749,1.00
2750,1.00
2751,1.00
2752,1.00
2753,1.00
2754,1.00
2755,1.00
2756,1.00
2757,1.00
2758,1.00
2759,1.00
2760,1.00
2761,1.00
2762,1.00
2763,1.00
2764,1.00
2765,1.00
2766,1.00
2767,1.00
2768,1.00
2769,1.00
2770,1.00
2771,1.00
2772,1.00
2773,1.00
2774,1.00
2775,1.00
2776,1.00
2777,1.00
2778,1.00
2779,1.00
2780,1.00
2781,1.00
2782,1.00
2783,1.00
2784,1.00
2785,1.00
2786,1.00
2787,1.00
2788,1.00
2789,1.00
2790,1.00
2791,1.00
2792,1.00
2793,1.00
2794,1.00
2795,1.00
2796,1.00
2797,1.00
2798,1.00
2799,1.00
2800,1.00
2801,1.00
2802,1.00
2803,1.00
2804,1.00
2805,1.00
2806,1.00
2807,1.00
2808,1.00
2809,1.00
2810,1.00
2811,1.00
2812,1.00
2813,1.00
2814,1.00
2815,1.00
2816,1.00
2817,1.00
2818,1.00
2819,1.00
2820,1.00
2821,1.00
2822,1.00
2823,1.00
2824,1.00
2825,1.00
2826,1.00
2827,1.00
2828,1.00
2829,1.00
2830,1.00
2831,1.00
2832,1.00
2833,1.00
2834,1.00
2835,1.00
2836,1.00
2837,1.00
2838,1.00
2839,1.00
2840,1.00
2841,1.00
2842,1.00
2843,1.00
2844,1.00
2845,1.00
2846,1.00
2847,1.00
2848,1.00
2849,1.00
2850,1.00
2851,1.00
2852,1.00
2853,1.00
2854,1.00
2855,1.00
2856,1.00
2857,1.00
2858,1.00
2859,1.00
2860,1.00
2861,1.00
2862,1.00
2863,1.00
2864,1.00
2865,1.00
2866,1.00
2867,1.00
2868,1.00
2869,1.00
2870,1.00
2871,1.00
2872,1.00
2873,1.00
2874,1.00
2875,1.00
2876,1.00
2877,1.00
2878,1.00
2879,1.00
2880,1.00
2881,1.00
2882,1.00
2883,1.00
2884,1.00
2885,1.00
2886,1.00
2887,1.00
2888,1.00
2889,1.00
2890,1.00
2891,1.00
2892,1.00
2893,1.00
2894,1.00
2895,1.00
2896,1.00
2897,1.00
2898,1.00
2899,1.00
2900,1.00
2901,1.00
2902,1.00
2903,1.00
2904,1.00
2905,1.00
2906,1.00
2907,1.00
2908,1.00
2909,1.00
2910,1.00
2911,1.00
2912,1.00
2913,1.00
2914,1.00
2915,1.00
2916,1.00
2917,1.00
2918,1.00
2919,1.00
2920,1.00
2921,1.00
2922,1.00
2923,1.00
2924,1.00
2925,1.00
2926,1.00
2927,1.00
2928,1.00
2929,1.00
2930,1.00
2931,1.00
2932,1.00
2933,1.00
2934,1.00
2935,1.00
2936,1.00
2937,1.00
2938,1.00
2939,1.00
2940,1.00
2941,1.00
2942,1.00
2943,1.00
2944,1.00
2945,1.00
2946,1.00
2947,1.00
2948,1.00
2949,1.00
2950,1.00
2951,1.00
2952,1.00
2953,1.00
2954,1.00
2955,1.00
2956,1.00
2957,1.00
2958,1.00
2959,1.00
2960,1.00
2961,1.00
2962,1.00
2963,1.00
2964,1.00
2965,1.00
2966,1.00
2967,1.00
2968,1.00
2969,1.00
2970,1.00
2971,1.00
2972,1.00
2973,1.00
2974,1.00
2975,1.00
2976,1.00
2977,1.00
2978,1.00
2979,1.00
2980,1.00
2981,1.00
2982,1.00
2983,1.00
2984,1.00
2985,1.00
2986,1.00
2987,1.00
2988,1.00
2989,1.00
2990,1.00
2991,1.00
2992,1.00
2993,1.00
2994,1.00
2995,1.00
2996,1.00
2997,1.00
2998,1.00
2999,1.00
3000,1.00
3001,1.00
3002,1.00
3003,1.00
3004,1.00
3005,1.00
3006,1.00
3007,1.00
3008,1.00
3009,1.00
3010,1.00
3011,1.00
3012,1.00
3013,1.00
3014,1.00
3015,1.00
3016,1.00
3017,1.00
3018,1.00
3019,1.00
3020,1.00
3021,1.00
3022,1.00
3023,1.00
3024,1.00
3025,1.00
3026,1.00
3027,1.00
3028,1.00
3029,1.00
3030,1.00
3031,1.00
3032,1.00
3033,1.00
3034,1.00
3035,1.00
3036,1.00
3037,1.00
3038,1.00
3039,1.00
3040,1.00
3041,1.00
3042,1.00
3043,1.00
3044,1.00
3045,1.00
3046,1.00
3047,1.00
3048,1.00
3049,1.00
3050,1.00
3051,1.00
3052,1.00
3053,1.00
3054,1.00
3055,1.00
3056,1.00
3057,1.00
3058,1.00
3059,1.00
3060,1.00
3061,1.00
3062,1.00
3063,1.00
3064,1.00
3065,1.00
3066,1.00
3067,1.00
3068,1.00
3069,1.00
3070,1.00
3071,1.00
3072,1.00
3073,1.00
3074,1.00
3075,1.00
3076,1.00
3077,1.00
3078,1.00
3079,1.00
3080,1.00
3081,1.00
3082,1.00
3083,1.00
3084,1.00
3085,1.00
3086,1.00
3087,1.00
3088,1.00
3089,1.00
3090,1.00
3091,1.00
3092,1.00
3093,1.00
3094,1.00
3095,1.00
3096,1.00
3097,1.00
3098,1.00
3099,1.00
3100,1.00
3101,1.00
3102,1.00
3103,1.00
3104,1.00
3105,1.00
3106,1.00
3107,1.00
3108,1.00
3109,1.00
3110,1.00
3111,1.00
3112,1.00
3113,1.00
3114,1.00
3115,1.00
3116,1.00
3117,1.00
3118,1.00
3119,2.00
3120,2.00
3121,2.00
3122,2.00
3123,2.00
3124,2.00
3125,2.00
3126,2.00
3127,2.00
3128,2.00
3129,2.00
3130,2.00
3131,2.00
3132,2.00
3133,2.00
3134,2.00
3135,2.00
3136,2.00
3137,2.00
3138,2.00
3139,2.00
3140,2.00
3141,2.00
3142,2.00
3143,2.00
3144,2.00
3145,2.00
3146,2.00
3147,2.00
3148,2.00
3149,2.00
3150,2.00
3151,2.00
3152,2.00
3153,2.00
3154,2.00
3155,2.00
3156,2.00
3157,2.00
3158,2.00
3159,2.00
3160,2.00
3161,2.00
3162,2.00
3163,2.00
3164,2.00
3165,2.00
3166,2.00
3167,2.00
3168,2.00
3169,2.00
3170,2.00
3171,2.00
3172,2.00
3173,2.00
3174,2.00
3175,2.00
3176,2.00
3177,2.00
3178,2.00
3179,3.00
3180,3.00
3181,3.00
3182,3.00
3183,3.00
3184,3.00
3185,3.00
3186,3.00
3187,3.00
3188,3.00
3189,3.00
3190,3.00
3191,4.00
3192,4.00
3193,4.00
3194,4.00
3195,4.00
3196,4.00
3197,4.00
3198,4.00
3199,4.00
3200,4.00
3201,4.00
3202,4.00
3203,4.00
3204,5.00
3205,5.00
3206,5.00
3207,5.00
3208,6.00
3209,6.00
3210,6.00
3211,6.00
3212,6.00
3213,6.00
3214,6.00
3215,6.00
3216,6.00
3217,6.00
3218,6.00
3219,6.00
3220,6.00
3221,6.00
3222,6.00
3223,6.00
3224,6.00
3225,6.00
3226,6.00
3227,6.00
3228,6.00
3229,6.00
3230,6.00
3231,6.00
3232,6.00
3233,6.00
3234,6.00
3235,6.00
3236,6.00
3237,6.00
3238,6.00
3239,6.00
3240,6.00
3241,6.00
3242,6.00
3243,6.00
3244,6.00
3245,6.00
3246,6.00
3247,6.00
3248,6.00
3249,6.00
3250,6.00
3251,6.00
3252,6.00
3253,6.00
3254,6.00
3255,6.00
3256,6.00
3257,6.00
3258,6.00
3259,6.00
3260,6.00
3261,6.00
3262,6.00
3263,6.00
3264,6.00
3265,6.00
3266,6.00
3267,6.00
3268,6.00
3269,6.00
3270,6.00
3271,6.00
3272,6.00
3273,6.00
3274,6.00
3275,6.00
3276,6.00
3277,6.00
3278,6.00
3279,6.00
3280,6.00
3281,6.00
3282,6.00
3283,6.00
3284,6.00
3285,6.00
3286,6.00
3287,6.00
3288,6.00
3289,7.00
3290,7.00
3291,7.00
3292,7.00
3293,7.00
3294,7.00
3295,7.00
3296,7.00
3297,7.00
3298,7.00
3299,7.00
3300,7.00
3301,7.00
3302,7.00
3303,7.00
3304,7.00
3305,7.00
3306,8.00
3307,8.00
3308,8.00
3309,8.00
3310,8.00
3311,8.00
3312,8.00
3313,8.00
3314,8.00
3315,8.00
3316,8.00
3317,8.00
3318,8.00
3319,8.00
3320,8.00
3321,8.00
3322,8.00
3323,8.00
3324,8.00
3325,8.00
3326,8.00
3327,8.00
3328,8.00
3329,8.00
3330,8.00
3331,8.00
3332,8.00
3333,8.00
3334,8.00
3335,8.00
3336,8.00
3337,8.00
3338,8.00
3339,8.00
3340,8.00
3341,8.00
3342,8.00
3343,8.00
3344,8.00
3345,8.00
3346,8.00
3347,8.00
3348,8.00
3349,8.00
3350,8.00
3351,8.00
3352,8.00
3353,8.00
3354,8.00
3355,8.00
3356,8.00
3357,8.00
3358,8.00
3359,8.00
3360,9.00
3361,9.00
3362,10.00
3363,11.00
3364,11.00
3365,11.00
3366,12.00
3367,12.00
3368,12.00
3369,12.00
3370,12.00
3371,12.00
3372,12.00
3373,12.00
3374,12.00
3375,12.00
3376,12.00
3377,12.00
3378,12.00
3379,12.00
3380,12.00
3381,12.00
3382,12.00
3383,12.00
3384,12.00
3385,12.00
3386,12.00
3387,12.00
3388,12.00
3389,12.00
3390,12.00
3391,12.00
3392,12.00
3393,12.00
3394,12.00
3395,12.00
3396,12.00
3397,12.00
3398,12.00
3399,12.00
3400,12.00
3401,12.00
3402,12.00
3403,12.00
3404,12.00
3405,12.00
3406,12.00
3407,12.00
3408,12.00
3409,12.00
3410,12.00
3411,12.00
3412,12.00
3413,12.00
3414,12.00
3415,12.00
3416,12.00
3417,12.00
3418,12.00
3419,12.00
3420,12.00
3421,12.00
3422,12.00
3423,12.00
3424,12.00
3425,12.00
3426,12.00
3427,12.00
3428,12.00
3429,12.00
3430,12.00
3431,12.00
3432,12.00
3433,12.00
3434,12.00
3435,12.00
3436,12.00
3437,12.00
3438,12.00
3439,12.00
3440,12.00
3441,12.00
3442,12.00
3443,12.00
3444,12.00
3445,12.00
3446,12.00
3447,12.00
3448,12.00
3449,12.00
3450,12.00
3451,12.00
3452,12.00
3453,12.00
3454,12.00
3455,12.00
3456,12.00
3457,12.00
3458,12.00
3459,12.00
3460,12.00
3461,12.00
3462,12.00
3463,12.00
3464,12.00
3465,12.00
3466,12.00
3467,12.00
3468,12.00
3469,12.00
3470,12.00
3471,12.00
3472,12.00
3473,12.00
3474,12.00
3475,12.00
3476,12.00
3477,12.00
3478,12.00
3479,12.00
3480,12.00
3481,12.00
3482,12.00
3483,12.00
3484,12.00
3485,12.00
3486,12.00
3487,12.00
3488,12.00
3489,12.00
3490,13.00
3491,13.00
3492,13.00
3493,13.00
3494,14.00
3495,15.00
3496,17.00
3497,18.00
3498,24.00
3499,29.00
3500,31.00
3501,40.00
3502,44.00
3503,51.00
3504,54.00
3505,55.00
3506,56.00
3507,60.00
3508,64.00
3509,67.00
3510,74.00
3511,77.00
3512,83.00
3513,86.00
3514,91.00
3515,99.00
3516,102.00
3517,114.00
3518,122.00
3519,132.00
3520,144.00
3521,152.00
3522,161.00
3523,169.00
3524,174.00
3525,179.00
3526,187.00
3527,189.00
3528,193.00
3529,196.00
3530,197.00
3531,200.00
3532,206.00
3533,209.00
3534,210.00
3535,210.00
3536,210.00
3537,211.00
3538,211.00
3539,211.00
3540,211.00
3541,211.00
3542,211.00
3543,211.00
3544,211.00
3545,211.00
3546,211.00
3547,211.00
3548,211.00
3549,211.00
3550,211.00
3551,211.00
3552,211.00
3553,211.00
3554,211.00
3555,211.00
3556,211.00
3557,211.00
3558,211.00
3559,211.00
3560,211.00
3561,211.00
3562,211.00
3563,211.00
3564,211.00
3565,211.00
3566,210.00
3567,210.00
3568,210.00
3569,209.00
3570,208.00
3571,208.00
3572,208.00
3573,208.00
3574,208.00
3575,208.00
3576,208.00
3577,208.00
3578,208.00
3579,208.00
3580,208.00
3581,208.00
3582,208.00
3583,207.00
3584,207.00
3585,207.00
3586,206.00
3587,206.00
3588,206.00
3589,206.00
3590,206.00
3591,204.00
3592,204.00
3593,204.00
3594,204.00
3595,204.00
3596,204.00
3597,204.00
3598,204.00
3599,204.00
3600,204.00
3601,204.00
3602,204.00
3603,204.00
3604,204.00
3605,204.00
3606,204.00
3607,204.00
3608,206.00
3609,206.00
3610,206.00
3611,206.00
3612,206.00
3613,206.00
3614,206.00
3615,206.00
3616,206.00
3617,206.00
3618,206.00
3619,207.00
3620,207.00
3621,207.00
3622,207.00
3623,207.00
3624,207.00
3625,207.00
3626,207.00
3627,207.00
3628,206.00
3629,206.00
3630,206.00
3631,206.00
3632,206.00
3633,206.00
3634,206.00
3635,206.00
3636,206.00
3637,206.00
3638,206.00
3639,206.00
3640,205.00
3641,205.00
3642,205.00
3643,205.00
3644,205.00
3645,205.00
3646,205.00
3647,205.00
3648,205.00
3649,205.00
3650,205.00
3651,205.00
3652,205.00
3653,205.00
3654,205.00
3655,205.00
3656,205.00
3657,205.00
3658,205.00
3659,205.00
3660,205.00
3661,205.00
3662,205.00
3663,205.00
3664,205.00
3665,204.00
3666,204.00
3667,204.00
3668,204.00
3669,204.00
3670,204.00
3671,204.00
3672,204.00
3673,204.00
3674,204.00
3675,205.00
3676,205.00
3677,205.00
3678,205.00
3679,205.00
3680,206.00
3681,206.00
3682,206.00
3683,207.00
3684,207.00
3685,207.00
3686,207.00
3687,207.00
3688,207.00
3689,207.00
3690,206.00
3691,205.00
3692,205.00
3693,206.00
3694,206.00
3695,207.00
3696,207.00
3697,207.00
3698,209.00
3699,209.00
3700,207.00
3701,208.00
3702,208.00
3703,208.00
3704,208.00
3705,208.00
3706,208.00
3707,208.00
3708,208.00
3709,207.00
3710,205.00
3711,203.00
3712,203.00
3713,203.00
3714,204.00
3715,203.00
3716,204.00
3717,204.00
3718,205.00
3719,205.00
3720,205.00
3721,203.00
3722,202.00
3723,201.00
3724,201.00
3725,201.00
3726,200.00
3727,199.00
3728,197.00
3729,194.00
3730,191.00
3731,190.00
3732,189.00
3733,189.00
3734,188.00
3735,187.00
3736,187.00
3737,187.00
3738,185.00
3739,182.00
3740,182.00
3741,181.00
3742,179.00
3743,179.00
3744,180.00
3745,177.00
3746,175.00
3747,172.00
3748,170.00
3749,169.00
3750,168.00
3751,167.00
3752,165.00
3753,164.00
3754,162.00
3755,161.00
3756,161.00
3757,161.00
3758,158.00
3759,155.00
3760,156.00
3761,156.00
3762,154.00
3763,152.00
3764,152.00
3765,152.00
3766,152.00
3767,151.00
3768,151.00
3769,151.00
3770,151.00
3771,150.00
3772,150.00
3773,150.00
3774,150.00
3775,150.00
3776,150.00
3777,150.00
3778,150.00
3779,149.00
3780,149.00
3781,148.00
3782,148.00
3783,148.00
3784,148.00
3785,148.00
3786,148.00
3787,148.00
3788,148.00
3789,146.00
3790,145.00
3791,145.00
3792,146.00
3793,145.00
3794,145.00
3795,145.00
3796,145.00
3797,145.00
3798,145.00
3799,144.00
3800,144.00
3801,145.00
3802,144.00
3803,144.00
3804,143.00
3805,143.00
3806,143.00
3807,143.00
3808,144.00
3809,144.00
3810,143.00
3811,144.00
3812,143.00
3813,143.00
3814,142.00
3815,142.00
3816,142.00
3817,142.00
3818,142.00
3819,141.00
3820,141.00
3821,141.00
3822,141.00
3823,140.00
3824,139.00
3825,139.00
3826,139.00
3827,139.00
3828,139.00
3829,139.00
3830,138.00
3831,138.00
3832,138.00
3833,137.00
3834,137.00
3835,136.00
3836,136.00
3837,135.00
3838,135.00
3839,135.00
3840,135.00
3841,135.00
3842,135.00
3843,135.00
3844,134.00
3845,133.00
3846,133.00
3847,132.00
3848,132.00
3849,132.00
3850,132.00
3851,132.00
3852,132.00
3853,131.00
3854,131.00
3855,131.00
3856,131.00
3857,131.00
3858,131.00
3859,131.00
3860,131.00
3861,131.00
3862,131.00
3863,130.00
3864,130.00
3865,130.00
3866,129.00
3867,129.00
3868,129.00
3869,129.00
3870,129.00
3871,129.00
3872,129.00
3873,129.00
3874,129.00
3875,128.00
3876,128.00
3877,128.00
3878,128.00
3879,128.00
3880,127.00
3881,127.00
3882,127.00
3883,127.00
3884,127.00
3885,127.00
3886,127.00
3887,127.00
3888,127.00
3889,127.00
3890,127.00
3891,127.00
3892,127.00
3893,127.00
3894,127.00
3895,127.00
3896,127.00
3897,127.00
3898,127.00
3899,127.00
3900,127.00
3901,127.00
3902,127.00
3903,126.00
3904,125.00
3905,125.00
3906,125.00
3907,125.00
3908,125.00
3909,125.00
3910,123.00
3911,123.00
3912,123.00
3913,123.00
3914,123.00
3915,123.00
3916,123.00
3917,123.00
3918,123.00
3919,122.00
3920,121.00
3921,121.00
3922,121.00
3923,121.00
3924,118.00
3925,118.00
3926,117.00
3927,117.00
3928,117.00
3929,117.00
3930,116.00
3931,116.00
3932,115.00
3933,114.00
3934,114.00
3935,112.00
3936,112.00
3937,112.00
3938,111.00
3939,111.00
3940,110.00
3941,109.00
3942,107.00
3943,106.00
3944,106.00
3945,106.00
3946,105.00
3947,105.00
3948,105.00
3949,105.00
3950,105.00
3951,104.00
3952,104.00
3953,102.00
3954,101.00
3955,100.00
3956,100.00
3957,97.00
3958,95.00
3959,94.00
3960,92.00
3961,88.00
3962,85.00
3963,76.00
3964,74.00
3965,71.00
3966,67.00
3967,63.00
3968,59.00
3969,57.00
3970,54.00
3971,54.00
3972,53.00
3973,51.00
3974,50.00
3975,47.00
3976,44.00
3977,40.00
3978,38.00
3979,35.00
3980,33.00
3981,31.00
3982,28.00
3983,25.00
3984,24.00
3985,22.00
3986,19.00
3987,16.00
3988,15.00
3989,14.00
3990,13.00
3991,11.00
3992,9.00
3993,8.00
3994,7.00
3995,7.00
3996,7.00
3997,5.00
3998,5.00
3999,3.00
4000,3.00
4001,2.00
4002,2.00
4003,2.00
4004,2.00
4005,2.00
4006,2.00
4007,2.00
4008,2.00
4009,1.00
4010,1.00
4011,1.00
4012,1.00
4013,1.00
4014,1.00
4015,1.00
4016,1.00
4017,0.00
4018,0.00
4019,0.00
4020,0.00
4021,0.00
4022,0.00
4023,0.00
4024,0.00
4025,0.00
4026,0.00
4027,0.00
4028,0.00
4029,0.00
4030,0.00
4031,0.00
4032,0.00
4033,0.00
4034,0.00
4035,0.00
4036,0.00
4037,0.00
4038,0.00
4039,0.00
4040,0.00
4041,0.00
4042,0.00
4043,0.00
4044,0.00
4045,0.00
4046,0.00
4047,0.00
4048,0.00
4049,0.00
4050,0.00
4051,0.00
4052,0.00
4053,0.00
4054,0.00
4055,0.00
4056,0.00
4057,0.00
4058,0.00
4059,0.00
4060,0.00
4061,0.00
4062,0.00
4063,0.00
4064,0.00
4065,0.00
4066,0.00
4067,0.00
4068,0.00
4069,0.00
4070,1.00
4071,1.00
4072,1.00
4073,2.00
4074,2.00
4075,2.00
4076,2.00
4077,2.00
4078,2.00
4079,2.00
4080,2.00
4081,2.00
4082,2.00
4083,2.00
4084,2.00
4085,2.00
4086,2.00
4087,3.00
4088,3.00
4089,3.00
4090,3.00
4091,3.00
4092,3.00
4093,3.00
4094,3.00
4095,3.00
4096,3.00
4097,3.00
4098,3.00
4099,3.00
4100,3.00
4101,3.00
4102,3.00
4103,3.00
4104,3.00
4105,3.00
4106,3.00
4107,3.00
4108,3.00
4109,3.00
4110,3.00
4111,3.00
4112,3.00
4113,3.00
4114,3.00
4115,3.00
4116,4.00
4117,4.00
4118,5.00
4119,5.00
4120,5.00
4121,5.00
4122,5.00
4123,5.00
4124,5.00
4125,6.00
4126,6.00
4127,6.00
4128,8.00
4129,8.00
4130,8.00
4131,9.00
4132,9.00
4133,9.00
4134,9.00
4135,9.00
4136,10.00
4137,11.00
4138,12.00
4139,13.00
4140,13.00
4141,13.00
4142,14.00
4143,14.00
4144,14.00
4145,15.00
4146,15.00
4147,16.00
4148,16.00
4149,16.00
4150,16.00
4151,17.00
4152,17.00
4153,17.00
4154,17.00
4155,17.00
4156,17.00
4157,17.00
4158,17.00
4159,17.00
4160,17.00
4161,17.00
4162,17.00
4163,17.00
4164,17.00
4165,17.00
4166,17.00
4167,18.00
4168,18.00
4169,18.00
4170,18.00
4171,18.00
4172,18.00
4173,18.00
4174,18.00
4175,18.00
4176,18.00
4177,18.00
4178,18.00
4179,18.00
4180,18.00
4181,18.00
4182,18.00
4183,18.00
4184,18.00
4185,18.00
4186,18.00
4187,18.00
4188,18.00
4189,18.00
4190,18.00
4191,18.00
4192,18.00
4193,20.00
4194,20.00
4195,20.00
4196,21.00
4197,21.00
4198,24.00
4199,27.00
4200,30.00
4201,31.00
4202,34.00
4203,40.00
4204,43.00
4205,50.00
4206,53.00
4207,58.00
4208,60.00
4209,62.00
4210,62.00
4211,63.00
4212,64.00
4213,70.00
4214,72.00
4215,74.00
4216,78.00
4217,84.00
4218,87.00
4219,93.00
4220,96.00
4221,102.00
4222,107.00
4223,116.00
4224,118.00
4225,123.00
4226,130.00
4227,137.00
4228,143.00
4229,148.00
4230,155.00
4231,159.00
4232,162.00
4233,162.00
4234,162.00
4235,164.00
4236,166.00
4237,166.00
4238,166.00
4239,166.00
4240,167.00
4241,167.00
4242,168.00
4243,168.00
4244,169.00
4245,169.00
4246,169.00
4247,169.00
4248,169.00
4249,169.00
4250,171.00
4251,171.00
4252,171.00
4253,171.00
4254,171.00
4255,173.00
4256,173.00
4257,173.00
4258,174.00
4259,174.00
4260,174.00
4261,174.00
4262,176.00
4263,178.00
4264,179.00
4265,180.00
4266,180.00
4267,180.00
4268,180.00
4269,181.00
4270,181.00
4271,181.00
4272,181.00
4273,180.00
4274,180.00
4275,182.00
4276,182.00
4277,182.00
4278,182.00
4279,182.00
4280,182.00
4281,182.00
4282,182.00
4283,182.00
4284,182.00
4285,182.00
4286,182.00
4287,183.00
4288,183.00
4289,184.00
4290,184.00
4291,184.00
4292,184.00
4293,184.00
4294,183.00
4295,183.00
4296,183.00
4297,183.00
4298,183.00
4299,184.00
4300,185.00
4301,185.00
4302,185.00
4303,185.00
4304,185.00
4305,185.00
4306,185.00
4307,185.00
4308,186.00
4309,186.00
4310,186.00
4311,186.00
4312,186.00
4313,186.00
4314,186.00
4315,186.00
4316,186.00
4317,187.00
4318,188.00
4319,188.00
4320,188.00
4321,189.00
4322,189.00
4323,189.00
4324,190.00
4325,190.00
4326,190.00
4327,190.00
4328,190.00
4329,191.00
4330,191.00
4331,192.00
4332,192.00
4333,192.00
4334,192.00
4335,192.00
4336,192.00
4337,193.00
4338,193.00
4339,193.00
4340,193.00
4341,195.00
4342,195.00
4343,196.00
4344,198.00
4345,198.00
4346,199.00
4347,199.00
4348,200.00
4349,201.00
4350,203.00
4351,204.00
4352,205.00
4353,205.00
4354,204.00
4355,204.00
4356,204.00
4357,204.00
4358,204.00
4359,204.00
4360,204.00
4361,204.00
4362,204.00
4363,204.00
4364,204.00
4365,205.00
4366,205.00
4367,205.00
4368,206.00
4369,207.00
4370,208.00
4371,209.00
4372,209.00
4373,209.00
4374,209.00
4375,210.00
4376,211.00
4377,212.00
4378,212.00
4379,212.00
4380,212.00
4381,212.00
4382,212.00
4383,212.00
4384,213.00
4385,213.00
4386,213.00
4387,212.00
4388,212.00
4389,211.00
4390,212.00
4391,212.00
4392,212.00
4393,213.00
4394,216.00
4395,216.00
4396,216.00
4397,216.00
4398,216.00
4399,216.00
4400,217.00
4401,217.00
4402,217.00
4403,218.00
4404,218.00
4405,218.00
4406,218.00
4407,218.00
4408,218.00
4409,218.00
4410,218.00
4411,218.00
4412,219.00
4413,219.00
4414,219.00
4415,219.00
4416,219.00
4417,219.00
4418,219.00
4419,220.00
4420,220.00
4421,220.00
4422,220.00
4423,220.00
4424,220.00
4425,220.00
4426,219.00
4427,221.00
4428,222.00
4429,222.00
4430,222.00
4431,222.00
4432,223.00
4433,223.00
4434,225.00
4435,225.00
4436,226.00
4437,225.00
4438,225.00
4439,226.00
4440,227.00
4441,227.00
4442,228.00
4443,228.00
4444,229.00
4445,229.00
4446,229.00
4447,231.00
4448,231.00
4449,230.00
4450,230.00
4451,231.00
4452,231.00
4453,231.00
4454,230.00
4455,230.00
4456,232.00
4457,232.00
4458,232.00
4459,233.00
4460,233.00
4461,233.00
4462,233.00
4463,233.00
4464,233.00
4465,233.00
4466,234.00
4467,234.00
4468,234.00
4469,234.00
4470,234.00
4471,234.00
4472,235.00
4473,235.00
4474,235.00
4475,235.00
4476,235.00
4477,235.00
4478,235.00
4479,235.00
4480,235.00
4481,236.00
4482,237.00
4483,237.00
4484,237.00
4485,237.00
4486,237.00
4487,238.00
4488,239.00
4489,239.00
4490,239.00
4491,239.00
4492,239.00
4493,239.00
4494,240.00
4495,240.00
4496,240.00
4497,240.00
4498,239.00
4499,240.00
4500,240.00
4501,240.00
4502,240.00
4503,240.00
4504,240.00
4505,239.00
4506,239.00
4507,239.00
4508,240.00
4509,240.00
4510,240.00
4511,240.00
4512,240.00
4513,239.00
4514,239.00
4515,239.00
4516,239.00
4517,238.00
4518,238.00
4519,239.00
4520,239.00
4521,239.00
4522,239.00
4523,239.00
4524,239.00
4525,239.00
4526,239.00
4527,239.00
4528,239.00
4529,239.00
4530,239.00
4531,239.00
4532,239.00
4533,239.00
4534,239.00
4535,239.00
4536,239.00
4537,239.00
4538,239.00
4539,239.00
4540,239.00
4541,239.00
4542,239.00
4543,239.00
4544,239.00
4545,240.00
4546,240.00
4547,240.00
4548,240.00
4549,240.00
4550,240.00
4551,240.00
4552,240.00
4553,240.00
4554,240.00
4555,240.00
4556,239.00
4557,238.00
4558,238.00
4559,236.00
4560,236.00
4561,234.00
4562,232.00
4563,232.00
4564,231.00
4565,232.00
4566,233.00
4567,231.00
4568,231.00
4569,231.00
4570,231.00
4571,232.00
4572,232.00
4573,232.00
4574,232.00
4575,232.00
4576,232.00
4577,233.00
4578,233.00
4579,232.00
4580,230.00
4581,230.00
4582,228.00
4583,226.00
4584,226.00
4585,226.00
4586,227.00
4587,228.00
4588,229.00
4589,229.00
4590,230.00
4591,232.00
4592,232.00
4593,233.00
4594,233.00
4595,233.00
4596,235.00
4597,236.00
4598,236.00
4599,236.00
4600,236.00
4601,236.00
4602,236.00
4603,236.00
4604,237.00
4605,237.00
4606,237.00
4607,237.00
4608,238.00
4609,238.00
4610,238.00
4611,237.00
4612,237.00
4613,237.00
4614,237.00
4615,237.00
4616,237.00
4617,236.00
4618,236.00
4619,236.00
4620,237.00
4621,238.00
4622,238.00
4623,238.00
4624,238.00
4625,238.00
4626,238.00
4627,238.00
4628,238.00
4629,238.00
4630,238.00
4631,238.00
4632,238.00
4633,237.00
4634,237.00
4635,237.00
4636,235.00
4637,235.00
4638,235.00
4639,235.00
4640,235.00
4641,235.00
4642,235.00
4643,234.00
4644,234.00
4645,234.00
4646,234.00
4647,234.00
4648,234.00
4649,234.00
4650,233.00
4651,232.00
4652,232.00
4653,232.00
4654,232.00
4655,231.00
4656,231.00
4657,231.00
4658,231.00
4659,231.00
4660,230.00
4661,229.00
4662,229.00
4663,229.00
4664,229.00
4665,229.00
4666,229.00
4667,229.00
4668,229.00
4669,229.00
4670,229.00
4671,228.00
4672,227.00
4673,226.00
4674,225.00
4675,221.00
4676,219.00
4677,216.00
4678,215.00
4679,214.00
4680,212.00
4681,206.00
4682,204.00
4683,195.00
4684,184.00
4685,180.00
4686,174.00
4687,172.00
4688,164.00
4689,155.00
4690,151.00
4691,144.00
4692,139.00
4693,129.00
4694,126.00
4695,121.00
4696,119.00
4697,112.00
4698,103.00
4699,99.00
4700,89.00
4701,87.00
4702,83.00
4703,77.00
4704,69.00
4705,60.00
4706,55.00
4707,51.00
4708,45.00
4709,42.00
4710,40.00
4711,38.00
4712,36.00
4713,36.00
4714,37.00
4715,36.00
4716,34.00
4717,34.00
4718,34.00
4719,32.00
4720,32.00
4721,32.00
4722,32.00
4723,32.00
4724,32.00
4725,32.00
4726,32.00
4727,32.00
4728,32.00
4729,31.00
4730,31.00
4731,31.00
4732,31.00
4733,30.00
4734,30.00
4735,29.00
4736,29.00
4737,29.00
4738,29.00
4739,28.00
4740,28.00
4741,28.00
4742,28.00
4743,28.00
4744,28.00
4745,28.00
4746,28.00
4747,28.00
4748,28.00
4749,28.00
4750,28.00
4751,28.00
4752,28.00
4753,28.00
4754,28.00
4755,28.00
4756,28.00
4757,28.00
4758,27.00
4759,26.00
4760,26.00
4761,26.00
4762,26.00
4763,26.00
4764,26.00
4765,26.00
4766,26.00
4767,26.00
4768,26.00
4769,26.00
4770,26.00
4771,26.00
4772,26.00
4773,26.00
4774,26.00
4775,26.00
4776,26.00
4777,26.00
4778,26.00
4779,26.00
4780,26.00
4781,26.00
4782,26.00
4783,26.00
4784,26.00
4785,26.00
4786,26.00
4787,26.00
4788,26.00
4789,26.00
4790,26.00
4791,25.00
4792,25.00
4793,25.00
4794,25.00
4795,25.00
4796,25.00
4797,25.00
4798,25.00
4799,25.00
4800,25.00
4801,25.00
4802,26.00
4803,26.00
4804,26.00
4805,26.00
4806,26.00
4807,26.00
4808,26.00
4809,28.00
4810,28.00
4811,28.00
4812,28.00
4813,28.00
4814,28.00
4815,29.00
4816,29.00
4817,30.00
4818,30.00
4819,30.00
4820,31.00
4821,31.00
4822,31.00
4823,31.00
4824,32.00
4825,32.00
4826,32.00
4827,33.00
4828,33.00
4829,34.00
4830,34.00
4831,33.00
4832,34.00
4833,34.00
4834,34.00
4835,34.00
4836,35.00
4837,35.00
4838,35.00
4839,36.00
4840,39.00
4841,39.00
4842,39.00
4843,39.00
4844,39.00
4845,39.00
4846,39.00
4847,39.00
4848,39.00
4849,39.00
4850,39.00
4851,39.00
4852,39.00
4853,39.00
4854,39.00
4855,39.00
4856,39.00
4857,39.00
4858,39.00
4859,39.00
4860,39.00
4861,39.00
4862,39.00
4863,39.00
4864,39.00
4865,39.00
4866,39.00
4867,39.00
4868,40.00
4869,40.00
4870,40.00
4871,40.00
4872,40.00
4873,40.00
4874,40.00
4875,40.00
4876,40.00
4877,40.00
4878,40.00
4879,40.00
4880,40.00
4881,40.00
4882,40.00
4883,40.00
4884,40.00
4885,40.00
4886,40.00
4887,40.00
4888,40.00
4889,40.00
4890,40.00
4891,42.00
4892,41.00
4893,41.00
4894,41.00
4895,41.00
4896,41.00
4897,41.00
4898,41.00
4899,41.00
4900,41.00
4901,41.00
4902,41.00
4903,41.00
4904,41.00
4905,41.00
4906,41.00
4907,41.00
4908,41.00
4909,41.00
4910,41.00
4911,41.00
4912,40.00
4913,40.00
4914,40.00
4915,40.00
4916,40.00
4917,40.00
4918,40.00
4919,40.00
4920,40.00
4921,40.00
4922,40.00
4923,39.00
4924,40.00
4925,39.00
4926,39.00
4927,39.00
4928,39.00
4929,39.00
4930,39.00
4931,39.00
4932,39.00
4933,39.00
4934,39.00
4935,39.00
4936,39.00
4937,39.00
4938,38.00
4939,37.00
4940,37.00
4941,37.00
4942,37.00
4943,37.00
4944,37.00
4945,37.00
4946,37.00
4947,37.00
4948,37.00
4949,37.00
4950,37.00
4951,38.00
4952,38.00
4953,38.00
4954,38.00
4955,38.00
4956,38.00
4957,38.00
4958,38.00
4959,38.00
4960,38.00
4961,38.00
4962,38.00
4963,38.00
4964,38.00
4965,38.00
4966,38.00
4967,38.00
4968,38.00
4969,38.00
4970,38.00
4971,38.00
4972,38.00
4973,38.00
4974,38.00
4975,38.00
4976,38.00
4977,38.00
4978,38.00
4979,38.00
4980,38.00
4981,38.00
4982,38.00
4983,38.00
4984,38.00
4985,38.00
4986,38.00
4987,38.00
4988,38.00
4989,38.00
4990,38.00
4991,38.00
4992,38.00
4993,38.00
4994,38.00
4995,38.00
4996,38.00
4997,38.00
4998,38.00
4999,38.00
5000,38.00
5001,38.00
5002,38.00
5003,38.00
5004,38.00
5005,38.00
5006,38.00
5007,38.00
5008,39.00
5009,39.00
5010,38.00
5011,38.00
5012,38.00
5013,38.00
5014,38.00
5015,38.00
5016,38.00
5017,38.00
5018,38.00
5019,39.00
5020,39.00
5021,39.00
5022,39.00
5023,39.00
5024,39.00
5025,40.00
5026,40.00
5027,40.00
5028,40.00
5029,40.00
5030,40.00
5031,40.00
5032,40.00
5033,40.00
5034,40.00
5035,40.00
5036,40.00
5037,40.00
5038,40.00
5039,40.00
5040,40.00
5041,40.00
5042,40.00
5043,40.00
5044,40.00
5045,40.00
5046,40.00
5047,40.00
5048,39.00
5049,39.00
5050,39.00
5051,39.00
5052,39.00
5053,37.00
5054,37.00
5055,36.00
5056,36.00
5057,36.00
5058,36.00
5059,36.00
5060,36.00
5061,36.00
5062,35.00
5063,35.00
5064,35.00
5065,34.00
5066,34.00
5067,33.00
5068,32.00
5069,32.00
5070,32.00
5071,29.00
5072,28.00
5073,26.00
5074,22.00
5075,21.00
5076,23.00
5077,23.00
5078,25.00
5079,25.00
5080,23.00
5081,24.00
5082,26.00
5083,26.00
5084,25.00
5085,25.00
5086,26.00
5087,25.00
5088,24.00
5089,23.00
5090,24.00
5091,25.00
5092,26.00
5093,25.00
5094,24.00
5095,24.00
5096,24.00
5097,25.00
5098,25.00
5099,25.00
5100,25.00
5101,24.00
5102,24.00
5103,24.00
5104,24.00
5105,25.00
5106,25.00
5107,25.00
5108,25.00
5109,25.00
5110,26.00
5111,26.00
5112,26.00
5113,26.00
5114,26.00
5115,27.00
5116,27.00
5117,27.00
5118,27.00
5119,27.00
5120,27.00
5121,27.00
5122,27.00
5123,27.00
5124,27.00
5125,27.00
5126,28.00
5127,28.00
5128,28.00
5129,28.00
5130,28.00
5131,28.00
5132,28.00
5133,29.00
5134,29.00
5135,29.00
5136,29.00
5137,29.00
5138,29.00
5139,29.00
5140,29.00
5141,29.00
5142,30.00
5143,30.00
5144,30.00
5145,30.00
5146,30.00
5147,30.00
5148,31.00
5149,31.00
5150,31.00
5151,31.00
5152,31.00
5153,31.00
5154,31.00
5155,31.00
5156,31.00
5157,31.00
5158,31.00
5159,31.00
5160,31.00
5161,31.00
5162,31.00
5163,31.00
5164,31.00
5165,31.00
5166,31.00
5167,31.00
5168,31.00
5169,32.00
5170,32.00
5171,32.00
5172,32.00
5173,32.00
5174,32.00
5175,32.00
5176,32.00
5177,32.00
5178,31.00
5179,31.00
5180,31.00
5181,31.00
5182,31.00
5183,31.00
5184,31.00
5185,32.00
5186,31.00
5187,31.00
5188,31.00
5189,31.00
5190,32.00
5191,32.00
5192,34.00
5193,35.00
5194,35.00
5195,35.00
5196,35.00
5197,35.00
5198,36.00
5199,36.00
5200,36.00
5201,36.00
5202,36.00
5203,36.00
5204,36.00
5205,37.00
5206,37.00
5207,37.00
5208,38.00
5209,39.00
5210,39.00
5211,39.00
5212,39.00
5213,39.00
5214,39.00
5215,39.00
5216,39.00
5217,39.00
5218,40.00
5219,40.00
5220,40.00
5221,40.00
5222,41.00
5223,41.00
5224,41.00
5225,41.00
5226,42.00
5227,42.00
5228,42.00
5229,42.00
5230,43.00
5231,43.00
5232,43.00
5233,43.00
5234,43.00
5235,43.00
5236,43.00
5237,43.00
5238,43.00
5239,43.00
5240,43.00
5241,43.00
5242,43.00
5243,43.00
5244,43.00
5245,43.00
5246,43.00
5247,43.00
5248,43.00
5249,43.00
5250,43.00
5251,43.00
5252,43.00
5253,43.00
5254,43.00
5255,43.00
5256,43.00
5257,43.00
5258,43.00
5259,43.00
5260,43.00
5261,43.00
5262,42.00
5263,42.00
5264,42.00
5265,42.00
5266,42.00
5267,42.00
5268,42.00
5269,41.00
5270,41.00
5271,40.00
5272,40.00
5273,40.00
5274,40.00
5275,39.00
5276,39.00
5277,39.00
5278,39.00
5279,39.00
5280,39.00
5281,39.00
5282,39.00
5283,39.00
5284,39.00
5285,39.00
5286,39.00
5287,39.00
5288,39.00
5289,39.00
5290,38.00
5291,38.00
5292,38.00
5293,38.00
5294,38.00
5295,38.00
5296,38.00
5297,38.00
5298,38.00
5299,38.00
5300,38.00
5301,38.00
5302,38.00
5303,38.00
5304,38.00
5305,38.00
5306,38.00
5307,38.00
5308,38.00
5309,38.00
5310,38.00
5311,38.00
5312,38.00
5313,38.00
5314,38.00
5315,38.00
5316,38.00
5317,38.00
5318,38.00
5319,38.00
5320,38.00
5321,38.00
5322,38.00
5323,38.00
5324,38.00
5325,38.00
5326,38.00
5327,38.00
5328,38.00
5329,39.00
5330,39.00
5331,39.00
5332,39.00
5333,40.00
5334,40.00
5335,40.00
5336,40.00
5337,40.00
5338,42.00
5339,42.00
5340,42.00
5341,42.00
5342,42.00
5343,43.00
5344,44.00
5345,45.00
5346,45.00
5347,47.00
5348,48.00
5349,48.00
5350,50.00
5351,49.00
5352,49.00
5353,49.00
5354,49.00
5355,49.00
5356,49.00
5357,49.00
5358,49.00
5359,49.00
5360,49.00
5361,49.00
5362,49.00
5363,49.00
5364,48.00
5365,47.00
5366,47.00
5367,45.00
5368,45.00
5369,43.00
5370,43.00
5371,43.00
5372,42.00
5373,42.00
5374,40.00
5375,40.00
5376,38.00
5377,38.00
5378,38.00
5379,38.00
5380,38.00
5381,38.00
5382,38.00
5383,37.00
5384,38.00
5385,37.00
5386,37.00
5387,35.00
5388,35.00
5389,35.00
5390,35.00
5391,34.00
5392,34.00
5393,34.00
5394,34.00
5395,34.00
5396,34.00
5397,34.00
5398,33.00
5399,34.00
5400,34.00
5401,34.00
5402,34.00
5403,34.00
5404,34.00
5405,34.00
5406,35.00
5407,35.00
5408,35.00
5409,35.00
5410,35.00
5411,35.00
5412,35.00
5413,35.00
5414,35.00
5415,35.00
5416,35.00
5417,36.00
5418,36.00
5419,36.00
5420,35.00
5421,35.00
5422,35.00
5423,35.00
5424,35.00
5425,34.00
5426,34.00
5427,34.00
5428,34.00
5429,34.00
5430,34.00
5431,34.00
5432,34.00
5433,34.00
5434,34.00
5435,34.00
5436,33.00
5437,33.00
5438,33.00
5439,33.00
5440,33.00
5441,33.00
5442,33.00
5443,33.00
5444,33.00
5445,33.00
5446,33.00
5447,33.00
5448,33.00
5449,33.00
5450,33.00
5451,33.00
5452,34.00
5453,33.00
5454,33.00
5455,33.00
5456,34.00
5457,34.00
5458,35.00
5459,35.00
5460,36.00
5461,37.00
5462,40.00
5463,42.00
5464,44.00
5465,47.00
5466,48.00
5467,52.00
5468,60.00
5469,61.00
5470,64.00
5471,70.00
5472,70.00
5473,74.00
5474,77.00
5475,81.00
5476,84.00
5477,88.00
5478,91.00
5479,98.00
5480,103.00
5481,107.00
5482,115.00
5483,126.00
5484,137.00
5485,143.00
5486,151.00
5487,160.00
5488,164.00
5489,169.00
5490,176.00
5491,179.00
5492,190.00
5493,191.00
5494,196.00
5495,200.00
5496,204.00
5497,210.00
5498,219.00
5499,222.00
5500,223.00
5501,225.00
5502,226.00
5503,226.00
5504,227.00
5505,229.00
5506,232.00
5507,235.00
5508,236.00
5509,237.00
5510,237.00
5511,237.00
5512,237.00
5513,237.00
5514,237.00
5515,237.00
5516,237.00
5517,237.00
5518,237.00
5519,237.00
5520,238.00
5521,238.00
5522,238.00
5523,238.00
5524,238.00
5525,238.00
5526,238.00
5527,238.00
5528,238.00
5529,238.00
5530,238.00
5531,238.00
5532,238.00
5533,238.00
5534,238.00
5535,238.00
5536,238.00
5537,238.00
5538,238.00
5539,238.00
5540,238.00
5541,238.00
5542,238.00
5543,238.00
5544,238.00
5545,239.00
5546,239.00
5547,239.00
5548,239.00
5549,239.00
5550,239.00
5551,239.00
5552,239.00
5553,239.00
5554,239.00
5555,239.00
5556,239.00
5557,239.00
5558,239.00
5559,239.00
5560,239.00
5561,239.00
5562,238.00
5563,238.00
5564,238.00
5565,238.00
5566,238.00
5567,238.00
5568,238.00
5569,238.00
5570,238.00
5571,238.00
5572,238.00
5573,238.00
5574,238.00
5575,238.00
5576,238.00
5577,237.00
5578,237.00
5579,237.00
5580,236.00
5581,235.00
5582,234.00
5583,233.00
5584,233.00
5585,233.00
5586,233.00
5587,233.00
5588,233.00
5589,231.00
5590,231.00
5591,231.00
5592,231.00
5593,231.00
5594,230.00
5595,230.00
5596,230.00
5597,230.00
5598,230.00
5599,230.00
5600,230.00
5601,230.00
5602,229.00
5603,228.00
5604,228.00
5605,227.00
5606,227.00
5607,227.00
5608,227.00
5609,227.00
5610,227.00
5611,226.00
5612,226.00
5613,226.00
5614,226.00
5615,226.00
5616,226.00
5617,226.00
5618,226.00
5619,226.00
5620,226.00
5621,226.00
5622,226.00
5623,226.00
5624,226.00
5625,226.00
5626,226.00
5627,226.00
5628,226.00
5629,226.00
5630,226.00
5631,226.00
5632,226.00
5633,226.00
5634,225.00
5635,225.00
5636,225.00
5637,225.00
5638,224.00
5639,224.00
5640,224.00
5641,225.00
5642,225.00
5643,225.00
5644,225.00
5645,225.00
5646,225.00
5647,225.00
5648,225.00
5649,225.00
5650,225.00
5651,225.00
5652,225.00
5653,225.00
5654,226.00
5655,226.00
5656,226.00
5657,225.00
5658,225.00
5659,225.00
5660,224.00
5661,224.00
5662,224.00
5663,225.00
5664,226.00
5665,226.00
5666,228.00
5667,229.00
5668,229.00
5669,229.00
5670,229.00
5671,229.00
5672,231.00
5673,232.00
5674,236.00
5675,236.00
5676,236.00
5677,236.00
5678,236.00
5679,235.00
5680,234.00
5681,234.00
5682,236.00
5683,235.00
5684,235.00
5685,237.00
5686,237.00
5687,237.00
5688,237.00
5689,238.00
5690,238.00
5691,238.00
5692,238.00
5693,238.00
5694,238.00
5695,237.00
5696,237.00
5697,237.00
5698,237.00
5699,237.00
5700,235.00
5701,235.00
5702,235.00
5703,235.00
5704,235.00
5705,235.00
5706,234.00
5707,234.00
5708,235.00
5709,235.00
5710,235.00
5711,235.00
5712,235.00
5713,236.00
5714,236.00
5715,236.00
5716,236.00
5717,236.00
5718,236.00
5719,236.00
5720,235.00
5721,235.00
5722,235.00
5723,235.00
5724,235.00
5725,235.00
5726,234.00
5727,233.00
5728,233.00
5729,232.00
5730,233.00
5731,232.00
5732,225.00
5733,224.00
5734,224.00
5735,223.00
5736,222.00
5737,222.00
5738,222.00
5739,221.00
5740,220.00
5741,221.00
5742,214.00
5743,212.00
5744,209.00
5745,199.00
5746,196.00
5747,182.00
5748,178.00
5749,172.00
5750,165.00
5751,162.00
5752,160.00
5753,159.00
5754,155.00
5755,149.00
5756,146.00
5757,143.00
5758,141.00
5759,140.00
5760,145.00
5761,141.00
5762,140.00
5763,138.00
5764,136.00
5765,126.00
5766,116.00
5767,111.00
5768,108.00
5769,103.00
5770,104.00
5771,103.00
5772,104.00
5773,104.00
5774,102.00
5775,101.00
5776,100.00
5777,99.00
5778,99.00
5779,96.00
5780,96.00
5781,95.00
5782,94.00
5783,93.00
5784,93.00
5785,93.00
5786,93.00
5787,92.00
5788,91.00
5789,91.00
5790,91.00
5791,91.00
5792,91.00
5793,92.00
5794,92.00
5795,92.00
5796,92.00
5797,92.00
5798,92.00
5799,92.00
5800,92.00
5801,92.00
5802,92.00
5803,92.00
5804,92.00
5805,92.00
5806,92.00
5807,92.00
5808,92.00
5809,92.00
5810,92.00
5811,92.00
5812,92.00
5813,92.00
5814,92.00
5815,92.00
5816,92.00
5817,92.00
5818,92.00
5819,92.00
5820,93.00
5821,94.00
5822,95.00
5823,95.00
5824,96.00
5825,97.00
5826,99.00
5827,100.00
5828,100.00
5829,100.00
5830,100.00
5831,104.00
5832,105.00
5833,112.00
5834,118.00
5835,122.00
5836,126.00
5837,129.00
5838,130.00
5839,132.00
5840,132.00
5841,132.00
5842,135.00
5843,137.00
5844,139.00
5845,143.00
5846,146.00
5847,148.00
5848,149.00
5849,152.00
5850,158.00
5851,162.00
5852,164.00
5853,168.00
5854,171.00
5855,174.00
5856,177.00
5857,178.00
5858,182.00
5859,186.00
5860,187.00
5861,189.00
5862,190.00
5863,196.00
5864,197.00
5865,203.00
5866,206.00
5867,207.00
5868,207.00
5869,208.00
5870,207.00
5871,208.00
5872,207.00
5873,209.00
5874,210.00
5875,212.00
5876,214.00
5877,219.00
5878,221.00
5879,223.00
5880,225.00
5881,225.00
5882,227.00
5883,227.00
5884,231.00
5885,232.00
5886,233.00
5887,235.00
5888,236.00
5889,238.00
5890,239.00
5891,241.00
5892,241.00
5893,242.00
5894,242.00
5895,242.00
5896,242.00
5897,244.00
5898,244.00
5899,244.00
5900,245.00
5901,245.00
5902,247.00
5903,248.00
5904,248.00
5905,248.00
5906,251.00
5907,252.00
5908,253.00
5909,253.00
5910,253.00
5911,253.00
5912,254.00
5913,255.00
5914,255.00
5915,255.00
5916,255.00
5917,256.00
5918,256.00
5919,256.00
5920,257.00
5921,258.00
5922,259.00
5923,260.00
5924,260.00
5925,260.00
5926,260.00
5927,260.00
5928,261.00
5929,261.00
5930,262.00
5931,262.00
5932,262.00
5933,262.00
5934,263.00
5935,263.00
5936,263.00
5937,263.00
5938,263.00
5939,263.00
5940,263.00
5941,263.00
5942,263.00
5943,263.00
5944,263.00
5945,263.00
5946,263.00
5947,263.00
5948,263.00
5949,263.00
5950,263.00
5951,263.00
5952,263.00
5953,263.00
5954,263.00
5955,263.00
5956,263.00
5957,263.00
5958,263.00
5959,264.00
5960,264.00
5961,264.00
5962,264.00
5963,264.00
5964,264.00
5965,264.00
5966,264.00
5967,264.00
5968,264.00
5969,264.00
5970,264.00
5971,265.00
5972,265.00
5973,265.00
5974,265.00
5975,265.00
5976,266.00
5977,266.00
5978,266.00
5979,266.00
5980,266.00
5981,266.00
5982,266.00
5983,266.00
5984,266.00
5985,266.00
5986,267.00
5987,268.00
5988,269.00
5989,269.00
5990,269.00
5991,269.00
5992,270.00
5993,270.00
5994,270.00
5995,270.00
5996,270.00
5997,271.00
5998,272.00
5999,272.00
6000,272.00
6001,272.00
6002,273.00
6003,273.00
6004,273.00
6005,273.00
6006,273.00
6007,273.00
6008,273.00
6009,273.00
6010,273.00
6011,273.00
6012,273.00
6013,273.00
6014,273.00
6015,273.00
6016,273.00
6017,273.00
6018,274.00
6019,274.00
6020,274.00
6021,274.00
6022,274.00
6023,274.00
6024,274.00
6025,275.00
6026,276.00
6027,277.00
6028,277.00
6029,277.00
6030,277.00
6031,278.00
6032,280.00
6033,282.00
6034,284.00
6035,286.00
6036,290.00
6037,291.00
6038,296.00
6039,297.00
6040,297.00
6041,297.00
6042,298.00
6043,300.00
6044,301.00
6045,302.00
6046,304.00
6047,308.00
6048,310.00
6049,313.00
6050,316.00
6051,318.00
6052,323.00
6053,329.00
6054,333.00
6055,336.00
6056,341.00
6057,341.00
6058,342.00
6059,349.00
6060,353.00
6061,358.00
6062,361.00
6063,366.00
6064,367.00
6065,374.00
6066,376.00
6067,378.00
6068,378.00
6069,382.00
6070,385.00
6071,388.00
6072,391.00
6073,394.00
6074,394.00
6075,393.00
6076,392.00
6077,393.00
6078,392.00
6079,392.00
6080,392.00
6081,392.00
6082,392.00
6083,392.00
6084,393.00
6085,392.00
6086,390.00
6087,390.00
6088,388.00
6089,385.00
6090,382.00
6091,376.00
6092,368.00
6093,361.00
6094,354.00
6095,349.00
6096,341.00
6097,332.00
6098,324.00
6099,317.00
6100,312.00
6101,306.00
6102,298.00
6103,290.00
6104,284.00
6105,277.00
6106,268.00
6107,259.00
6108,252.00
6109,244.00
6110,239.00
6111,231.00
6112,225.00
6113,227.00
6114,222.00
6115,221.00
6116,219.00
6117,213.00
6118,211.00
6119,212.00
6120,209.00
6121,204.00
6122,202.00
6123,203.00
6124,205.00
6125,202.00
6126,201.00
6127,203.00
6128,205.00
6129,205.00
6130,207.00
6131,209.00
6132,211.00
6133,216.00
6134,220.00
6135,222.00
6136,222.00
6137,223.00
6138,225.00
6139,227.00
6140,229.00
6141,231.00
6142,232.00
6143,233.00
6144,234.00
6145,235.00
6146,235.00
6147,235.00
6148,235.00
6149,235.00
6150,235.00
6151,236.00
6152,237.00
6153,239.00
6154,241.00
6155,244.00
6156,245.00
6157,247.00
6158,253.00
6159,252.00
6160,254.00
6161,259.00
6162,262.00
6163,264.00
6164,266.00
6165,268.00
6166,269.00
6167,271.00
6168,273.00
6169,276.00
6170,278.00
6171,281.00
6172,282.00
6173,282.00
6174,283.00
6175,287.00
6176,290.00
6177,294.00
6178,294.00
6179,295.00
6180,297.00
6181,301.00
6182,303.00
6183,308.00
6184,308.00
6185,311.00
6186,313.00
6187,316.00
6188,317.00
6189,320.00
6190,320.00
6191,322.00
6192,322.00
6193,323.00
6194,324.00
6195,325.00
6196,325.00
6197,327.00
6198,327.00
6199,329.00
6200,330.00
6201,332.00
6202,333.00
6203,333.00
6204,332.00
6205,332.00
6206,332.00
6207,333.00
6208,334.00
6209,335.00
6210,336.00
6211,338.00
6212,339.00
6213,339.00
6214,341.00
6215,341.00
6216,342.00
6217,342.00
6218,343.00
6219,343.00
6220,343.00
6221,343.00
6222,343.00
6223,345.00
6224,345.00
6225,345.00
6226,346.00
6227,347.00
6228,350.00
6229,353.00
6230,355.00
6231,355.00
6232,355.00
6233,357.00
6234,359.00
6235,361.00
6236,362.00
6237,362.00
6238,363.00
6239,366.00
6240,366.00
6241,368.00
6242,368.00
6243,368.00
6244,368.00
6245,368.00
6246,370.00
6247,371.00
6248,372.00
6249,372.00
6250,373.00
6251,374.00
6252,375.00
6253,376.00
6254,376.00
6255,376.00
6256,377.00
6257,377.00
6258,377.00
6259,378.00
6260,378.00
6261,379.00
6262,379.00
6263,379.00
6264,379.00
6265,380.00
6266,380.00
6267,378.00
6268,378.00
6269,376.00
6270,375.00
6271,372.00
6272,368.00
6273,364.00
6274,359.00
6275,353.00
6276,351.00
6277,351.00
6278,350.00
6279,347.00
6280,344.00
6281,336.00
6282,328.00
6283,321.00
6284,315.00
6285,309.00
6286,304.00
6287,298.00
6288,291.00
6289,286.00
6290,284.00
6291,280.00
6292,276.00
6293,274.00
6294,270.00
6295,267.00
6296,264.00
6297,261.00
6298,261.00
6299,258.00
6300,255.00
6301,253.00
6302,249.00
6303,247.00
6304,247.00
6305,247.00
6306,246.00
6307,244.00
6308,243.00
6309,241.00
6310,241.00
6311,240.00
6312,239.00
6313,239.00
6314,238.00
6315,238.00
6316,238.00
6317,238.00
6318,238.00
6319,237.00
6320,237.00
6321,237.00
6322,237.00
6323,237.00
6324,237.00
6325,237.00
6326,237.00
6327,237.00
6328,237.00
6329,237.00
6330,237.00
6331,237.00
6332,237.00
6333,237.00
6334,237.00
6335,237.00
6336,237.00
6337,237.00
6338,238.00
6339,238.00
6340,238.00
6341,238.00
6342,238.00
6343,238.00
6344,238.00
6345,238.00
6346,238.00
6347,238.00
6348,238.00
6349,238.00
6350,238.00
6351,238.00
6352,238.00
6353,238.00
6354,237.00
6355,237.00
6356,237.00
6357,237.00
6358,237.00
6359,237.00
6360,237.00
6361,237.00
6362,237.00
6363,237.00
6364,237.00
6365,237.00
6366,237.00
6367,238.00
6368,238.00
6369,238.00
6370,238.00
6371,239.00
6372,240.00
6373,240.00
6374,240.00
6375,240.00
6376,240.00
6377,241.00
6378,241.00
6379,241.00
6380,241.00
6381,241.00
6382,241.00
6383,241.00
6384,241.00
6385,241.00
6386,240.00
6387,240.00
6388,240.00
6389,240.00
6390,240.00
6391,240.00
6392,238.00
6393,237.00
6394,237.00
6395,236.00
6396,235.00
6397,236.00
6398,235.00
6399,236.00
6400,236.00
6401,237.00
6402,236.00
6403,236.00
6404,237.00
6405,237.00
6406,237.00
6407,237.00
6408,237.00
6409,237.00
6410,234.00
6411,234.00
6412,233.00
6413,232.00
6414,231.00
6415,231.00
6416,231.00
6417,230.00
6418,230.00
6419,231.00
6420,231.00
6421,230.00
6422,229.00
6423,228.00
6424,228.00
6425,228.00
6426,227.00
6427,227.00
6428,226.00
6429,224.00
6430,223.00
6431,223.00
6432,221.00
6433,221.00
6434,221.00
6435,221.00
6436,222.00
6437,222.00
6438,222.00
6439,222.00
6440,221.00
6441,220.00
6442,215.00
6443,212.00
6444,208.00
6445,205.00
6446,202.00
6447,201.00
6448,195.00
6449,192.00
6450,187.00
6451,181.00
6452,179.00
6453,172.00
6454,164.00
6455,158.00
6456,152.00
6457,146.00
6458,139.00
6459,134.00
6460,128.00
6461,124.00
6462,122.00
6463,115.00
6464,113.00
6465,111.00
6466,102.00
6467,100.00
6468,97.00
6469,93.00
6470,92.00
6471,92.00
6472,90.00
6473,85.00
6474,83.00
6475,79.00
6476,77.00
6477,74.00
6478,70.00
6479,68.00
6480,66.00
6481,64.00
6482,62.00
6483,60.00
6484,59.00
6485,57.00
6486,57.00
6487,56.00
6488,56.00
6489,56.00
6490,56.00
6491,57.00
6492,56.00
6493,54.00
6494,54.00
6495,54.00
6496,54.00
6497,54.00
6498,54.00
6499,53.00
6500,50.00
6501,50.00
6502,50.00
6503,51.00
6504,50.00
6505,50.00
6506,50.00
6507,47.00
6508,46.00
6509,44.00
6510,40.00
6511,40.00
6512,39.00
6513,39.00
6514,39.00
6515,39.00
6516,38.00
6517,38.00
6518,38.00
6519,36.00
6520,35.00
6521,34.00
6522,34.00
6523,34.00
6524,34.00
6525,34.00
6526,34.00
6527,34.00
6528,34.00
6529,34.00
6530,32.00
6531,32.00
6532,32.00
6533,32.00
6534,32.00
6535,32.00
6536,32.00
6537,32.00
6538,32.00
6539,32.00
6540,32.00
6541,32.00
6542,31.00
6543,31.00
6544,31.00
6545,31.00
6546,31.00
6547,31.00
6548,31.00
6549,31.00
6550,31.00
6551,31.00
6552,31.00
6553,31.00
6554,31.00
6555,31.00
6556,31.00
6557,31.00
6558,31.00
6559,31.00
6560,31.00
6561,31.00
6562,30.00
6563,30.00
6564,30.00
6565,30.00
6566,30.00
6567,30.00
6568,29.00
6569,29.00
6570,29.00
6571,29.00
6572,29.00
6573,29.00
6574,29.00
6575,29.00
6576,29.00
6577,29.00
6578,29.00
6579,29.00
6580,29.00
6581,29.00
6582,29.00
6583,29.00
6584,29.00
6585,29.00
6586,30.00
6587,30.00
6588,30.00
6589,30.00
6590,30.00
6591,30.00
6592,30.00
6593,30.00
6594,30.00
6595,30.00
6596,30.00
6597,30.00
6598,30.00
6599,30.00
6600,30.00
6601,30.00
6602,30.00
6603,30.00
6604,30.00
6605,30.00
6606,30.00
6607,30.00
6608,30.00
6609,30.00
6610,30.00
6611,30.00
6612,30.00
6613,30.00
6614,30.00
6615,30.00
6616,30.00
6617,30.00
6618,30.00
6619,30.00
6620,30.00
6621,30.00
6622,30.00
6623,30.00
6624,30.00
6625,30.00
6626,30.00
6627,30.00
6628,30.00
6629,31.00
6630,31.00
6631,31.00
6632,31.00
6633,31.00
6634,31.00
6635,31.00
6636,31.00
6637,31.00
6638,31.00
6639,31.00
6640,31.00
6641,31.00
6642,31.00
6643,31.00
6644,31.00
6645,31.00
6646,31.00
6647,31.00
6648,31.00
6649,31.00
6650,31.00
6651,31.00
6652,31.00
6653,31.00
6654,31.00
6655,31.00
6656,31.00
6657,31.00
6658,31.00
6659,31.00
6660,31.00
6661,31.00
6662,31.00
6663,31.00
6664,31.00
6665,31.00
6666,31.00
6667,31.00
6668,31.00
6669,30.00
6670,30.00
6671,30.00
6672,29.00
6673,29.00
6674,27.00
6675,27.00
6676,27.00
6677,27.00
6678,26.00
6679,26.00
6680,25.00
6681,24.00
6682,24.00
6683,23.00
6684,23.00
6685,21.00
6686,20.00
6687,19.00
6688,18.00
6689,17.00
6690,14.00
6691,13.00
6692,13.00
6693,13.00
6694,13.00
6695,13.00
6696,12.00
6697,12.00
6698,12.00
6699,12.00
6700,12.00
6701,12.00
6702,12.00
6703,11.00
6704,11.00
6705,11.00
6706,10.00
6707,10.00
6708,10.00
6709,10.00
6710,10.00
6711,9.00
6712,9.00
6713,9.00
6714,9.00
6715,9.00
6716,9.00
6717,9.00
6718,8.00
6719,8.00
6720,8.00
6721,8.00
6722,8.00
6723,8.00
6724,8.00
6725,8.00
6726,8.00
6727,8.00
6728,8.00
6729,8.00
6730,8.00
6731,8.00
6732,7.00
6733,6.00
6734,6.00
6735,6.00
6736,6.00
6737,6.00
6738,6.00
6739,6.00
6740,6.00
6741,6.00
6742,6.00
6743,6.00
6744,6.00
6745,6.00
6746,6.00
6747,6.00
6748,6.00
6749,6.00
6750,6.00
6751,6.00
6752,5.00
6753,5.00
6754,5.00
6755,5.00
6756,5.00
6757,5.00
6758,5.00
6759,6.00
6760,7.00
6761,7.00
6762,7.00
6763,7.00
6764,7.00
6765,7.00
6766,7.00
6767,7.00
6768,7.00
6769,7.00
6770,7.00
6771,7.00
6772,7.00
6773,8.00
6774,8.00
6775,8.00
6776,10.00
6777,12.00
6778,12.00
6779,13.00
6780,14.00
6781,16.00
6782,18.00
6783,19.00
6784,26.00
6785,27.00
6786,29.00
6787,31.00
6788,31.00
6789,34.00
6790,34.00
6791,32.00
6792,34.00
6793,41.00
6794,41.00
6795,43.00
6796,44.00
6797,46.00
6798,49.00
6799,51.00
6800,54.00
6801,58.00
6802,61.00
6803,65.00
6804,71.00
6805,73.00
6806,80.00
6807,87.00
6808,93.00
6809,97.00
6810,100.00
6811,107.00
6812,109.00
6813,111.00
6814,112.00
6815,113.00
6816,114.00
6817,118.00
6818,121.00
6819,123.00
6820,125.00
6821,126.00
6822,128.00
6823,128.00
6824,129.00
6825,129.00
6826,133.00
6827,133.00
6828,134.00
6829,134.00
6830,135.00
6831,138.00
6832,138.00
6833,138.00
6834,139.00
6835,141.00
6836,141.00
6837,142.00
6838,143.00
6839,143.00
6840,143.00
6841,143.00
6842,143.00
6843,144.00
6844,144.00
6845,144.00
6846,144.00
6847,144.00
6848,144.00
6849,144.00
6850,144.00
6851,144.00
6852,144.00
6853,144.00
6854,144.00
6855,144.00
6856,145.00
6857,146.00
6858,146.00
6859,146.00
6860,146.00
6861,146.00
6862,146.00
6863,146.00
6864,146.00
6865,146.00
6866,146.00
6867,146.00
6868,146.00
6869,146.00
6870,146.00
6871,146.00
6872,146.00
6873,146.00
6874,146.00
6875,146.00
6876,146.00
6877,146.00
6878,146.00
6879,146.00
6880,146.00
6881,146.00
6882,146.00
6883,146.00
6884,146.00
6885,146.00
6886,147.00
6887,147.00
6888,147.00
6889,148.00
6890,149.00
6891,149.00
6892,149.00
6893,149.00
6894,149.00
6895,150.00
6896,150.00
6897,150.00
6898,150.00
6899,150.00
6900,150.00
6901,150.00
6902,151.00
6903,151.00
6904,152.00
6905,152.00
6906,152.00
6907,152.00
6908,152.00
6909,152.00
6910,152.00
6911,152.00
6912,153.00
6913,153.00
6914,153.00
6915,154.00
6916,154.00
6917,157.00
6918,158.00
6919,159.00
6920,164.00
6921,168.00
6922,171.00
6923,174.00
6924,176.00
6925,183.00
6926,191.00
6927,197.00
6928,201.00
6929,209.00
6930,219.00
6931,229.00
6932,238.00
6933,243.00
6934,254.00
6935,263.00
6936,275.00
6937,286.00
6938,293.00
6939,303.00
6940,308.00
6941,315.00
6942,326.00
6943,340.00
6944,350.00
6945,362.00
6946,374.00
6947,388.00
6948,398.00
6949,423.00
6950,435.00
6951,447.00
6952,462.00
6953,469.00
6954,486.00
6955,492.00
6956,504.00
6957,509.00
6958,514.00
6959,519.00
6960,521.00
6961,521.00
6962,522.00
6963,525.00
6964,525.00
6965,526.00
6966,525.00
6967,525.00
6968,526.00
6969,527.00
6970,527.00
6971,527.00
6972,527.00
6973,527.00
6974,527.00
6975,527.00
6976,527.00
6977,527.00
6978,526.00
6979,526.00
6980,526.00
6981,526.00
6982,525.00
6983,525.00
6984,525.00
6985,525.00
6986,525.00
6987,525.00
6988,525.00
6989,523.00
6990,523.00
6991,523.00
6992,523.00
6993,523.00
6994,523.00
6995,523.00
6996,521.00
6997,521.00
6998,519.00
6999,519.00
7000,518.00
7001,518.00
7002,518.00
7003,517.00
7004,517.00
7005,516.00
7006,516.00
7007,516.00
7008,516.00
7009,516.00
7010,516.00
7011,516.00
7012,516.00
7013,516.00
7014,515.00
7015,515.00
7016,515.00
7017,515.00
7018,514.00
7019,514.00
7020,514.00
7021,514.00
7022,514.00
7023,514.00
7024,514.00
7025,514.00
7026,512.00
7027,512.00
7028,512.00
7029,512.00
7030,512.00
7031,512.00
7032,512.00
7033,512.00
7034,512.00
7035,512.00
7036,512.00
7037,512.00
7038,512.00
7039,512.00
7040,512.00
7041,512.00
7042,513.00
7043,513.00
7044,513.00
7045,513.00
7046,514.00
7047,514.00
7048,515.00
7049,515.00
7050,514.00
7051,514.00
7052,515.00
7053,515.00
7054,515.00
7055,515.00
7056,515.00
7057,515.00
7058,515.00
7059,515.00
7060,513.00
7061,513.00
7062,513.00
7063,513.00
7064,513.00
7065,512.00
7066,511.00
7067,510.00
7068,509.00
7069,509.00
7070,509.00
7071,509.00
7072,508.00
7073,509.00
7074,509.00
7075,509.00
7076,509.00
7077,507.00
7078,504.00
7079,501.00
7080,499.00
7081,498.00
7082,498.00
7083,497.00
7084,496.00
7085,493.00
7086,489.00
7087,487.00
7088,484.00
7089,481.00
7090,479.00
7091,479.00
7092,476.00
7093,475.00
7094,471.00
7095,470.00
7096,470.00
7097,467.00
7098,466.00
7099,466.00
7100,466.00
7101,466.00
7102,465.00
7103,462.00
7104,461.00
7105,459.00
7106,460.00
7107,460.00
7108,461.00
7109,461.00
7110,460.00
7111,460.00
7112,457.00
7113,456.00
7114,455.00
7115,454.00
7116,454.00
7117,454.00
7118,453.00
7119,451.00
7120,450.00
7121,451.00
7122,452.00
7123,451.00
7124,451.00
7125,452.00
7126,453.00
7127,453.00
7128,453.00
7129,450.00
7130,450.00
7131,449.00
7132,449.00
7133,447.00
7134,447.00
7135,447.00
7136,447.00
7137,448.00
7138,448.00
7139,447.00
7140,445.00
7141,446.00
7142,445.00
7143,443.00
7144,442.00
7145,442.00
7146,442.00
7147,441.00
7148,437.00
7149,437.00
7150,437.00
7151,437.00
7152,435.00
7153,435.00
7154,436.00
7155,436.00
7156,436.00
7157,436.00
7158,436.00
7159,436.00
7160,437.00
7161,437.00
7162,437.00
7163,436.00
7164,437.00
7165,436.00
7166,437.00
7167,437.00
7168,437.00
7169,437.00
7170,437.00
7171,436.00
7172,437.00
7173,437.00
7174,436.00
7175,436.00
7176,436.00
7177,434.00
7178,434.00
7179,433.00
7180,432.00
7181,432.00
7182,432.00
7183,431.00
7184,431.00
7185,431.00
7186,431.00
7187,431.00
7188,429.00
7189,428.00
7190,427.00
7191,427.00
7192,427.00
7193,427.00
7194,427.00
7195,427.00
7196,427.00
7197,428.00
7198,427.00
7199,424.00
7200,423.00
7201,423.00
7202,423.00
7203,422.00
7204,422.00
7205,421.00
7206,419.00
7207,419.00
7208,419.00
7209,417.00
7210,417.00
7211,417.00
7212,417.00
7213,417.00
7214,417.00
7215,417.00
7216,417.00
7217,416.00
7218,416.00
7219,416.00
7220,416.00
7221,416.00
7222,416.00
7223,415.00
7224,414.00
7225,414.00
7226,414.00
7227,411.00
7228,411.00
7229,409.00
7230,408.00
7231,408.00
7232,409.00
7233,408.00
7234,408.00
7235,408.00
7236,408.00
7237,408.00
7238,408.00
7239,409.00
7240,408.00
7241,408.00
7242,408.00
7243,408.00
7244,407.00
7245,408.00
7246,408.00
7247,408.00
7248,408.00
7249,408.00
7250,410.00
7251,411.00
7252,411.00
7253,410.00
7254,409.00
7255,408.00
7256,409.00
7257,409.00
7258,407.00
7259,407.00
7260,407.00
7261,407.00
7262,407.00
7263,407.00
7264,408.00
7265,408.00
7266,407.00
7267,407.00
7268,406.00
7269,405.00
7270,405.00
7271,404.00
7272,404.00
7273,403.00
7274,402.00
7275,401.00
7276,401.00
7277,399.00
7278,399.00
7279,398.00
7280,398.00
7281,398.00
7282,397.00
7283,397.00
7284,397.00
7285,396.00
7286,396.00
7287,396.00
7288,396.00
7289,396.00
7290,396.00
7291,396.00
7292,396.00
7293,395.00
7294,395.00
7295,395.00
7296,395.00
7297,393.00
7298,393.00
7299,392.00
7300,391.00
7301,391.00
7302,390.00
7303,390.00
7304,390.00
7305,389.00
7306,389.00
7307,389.00
7308,387.00
7309,386.00
7310,384.00
7311,384.00
7312,383.00
7313,382.00
7314,382.00
7315,382.00
7316,381.00
7317,381.00
7318,381.00
7319,380.00
7320,379.00
7321,377.00
7322,376.00
7323,376.00
7324,375.00
7325,375.00
7326,375.00
7327,375.00
7328,372.00
7329,371.00
7330,371.00
7331,371.00
7332,370.00
7333,368.00
7334,368.00
7335,367.00
7336,367.00
7337,369.00
7338,369.00
7339,369.00
7340,369.00
7341,370.00
7342,370.00
7343,370.00
7344,368.00
7345,366.00
7346,364.00
7347,362.00
7348,362.00
7349,359.00
7350,354.00
7351,352.00
7352,350.00
7353,349.00
7354,347.00
7355,344.00
7356,343.00
7357,343.00
7358,341.00
7359,341.00
7360,340.00
7361,338.00
7362,337.00
7363,340.00
7364,339.00
7365,338.00
7366,336.00
7367,334.00
7368,337.00
7369,336.00
7370,335.00
7371,335.00
7372,334.00
7373,331.00
7374,330.00
7375,329.00
7376,329.00
7377,329.00
7378,328.00
7379,326.00
7380,325.00
7381,325.00
7382,325.00
7383,325.00
7384,323.00
7385,319.00
7386,315.00
7387,314.00
7388,310.00
7389,307.00
7390,304.00
7391,301.00
7392,300.00
7393,294.00
7394,287.00
7395,280.00
7396,266.00
7397,257.00
7398,248.00
7399,235.00
7400,217.00
7401,212.00
7402,200.00
7403,183.00
7404,179.00
7405,176.00
7406,171.00
7407,166.00
7408,161.00
7409,156.00
7410,156.00
7411,153.00
7412,146.00
7413,144.00
7414,139.00
7415,133.00
7416,127.00
7417,116.00
7418,105.00
7419,95.00
7420,86.00
7421,77.00
7422,71.00
7423,65.00
7424,62.00
7425,58.00
7426,55.00
7427,52.00
7428,50.00
7429,51.00
7430,51.00
7431,51.00
7432,51.00
7433,51.00
7434,51.00
7435,51.00
7436,51.00
7437,52.00
7438,51.00
7439,51.00
7440,52.00
7441,51.00
7442,49.00
7443,49.00
7444,48.00
7445,48.00
7446,48.00
7447,48.00
7448,49.00
7449,49.00
7450,49.00
7451,49.00
7452,49.00
7453,49.00
7454,48.00
7455,48.00
7456,48.00
7457,48.00
7458,48.00
7459,48.00
7460,48.00
7461,48.00
7462,48.00
7463,48.00
7464,48.00
7465,48.00
7466,48.00
7467,48.00
7468,48.00
7469,48.00
7470,48.00
7471,48.00
7472,49.00
7473,49.00
7474,49.00
7475,49.00
7476,49.00
7477,49.00
7478,49.00
7479,48.00
7480,48.00
7481,48.00
7482,48.00
7483,48.00
7484,48.00
7485,48.00
7486,48.00
7487,48.00
7488,48.00
7489,48.00
7490,48.00
7491,48.00
7492,48.00
7493,48.00
7494,48.00
7495,48.00
7496,48.00
7497,48.00
7498,48.00
7499,48.00
7500,48.00
7501,48.00
7502,47.00
7503,47.00
7504,47.00
7505,47.00
7506,47.00
7507,48.00
7508,48.00
7509,48.00
7510,48.00
7511,48.00
7512,48.00
7513,48.00
7514,48.00
7515,48.00
7516,48.00
7517,48.00
7518,48.00
7519,48.00
7520,48.00
7521,48.00
7522,48.00
7523,48.00
7524,49.00
7525,48.00
7526,47.00
7527,46.00
7528,46.00
7529,46.00
7530,47.00
7531,47.00
7532,47.00
7533,47.00
7534,47.00
7535,48.00
7536,48.00
7537,48.00
7538,48.00
7539,48.00
7540,48.00
7541,48.00
7542,50.00
7543,50.00
7544,49.00
7545,49.00
7546,51.00
7547,56.00
7548,60.00
7549,64.00
7550,73.00
7551,81.00
7552,86.00
7553,89.00
7554,92.00
7555,99.00
7556,105.00
7557,105.00
7558,111.00
7559,115.00
7560,117.00
7561,121.00
7562,124.00
7563,126.00
7564,131.00
7565,133.00
7566,139.00
7567,142.00
7568,145.00
7569,148.00
7570,157.00
7571,162.00
7572,176.00
7573,183.00
7574,196.00
7575,204.00
7576,215.00
7577,221.00
7578,226.00
7579,235.00
7580,237.00
7581,239.00
7582,241.00
7583,240.00
7584,246.00
7585,247.00
7586,247.00
7587,249.00
7588,249.00
7589,249.00
7590,250.00
7591,250.00
7592,250.00
7593,249.00
7594,249.00
7595,249.00
7596,248.00
7597,248.00
7598,248.00
7599,248.00
7600,248.00
7601,249.00
7602,248.00
7603,248.00
7604,249.00
7605,249.00
7606,250.00
7607,250.00
7608,249.00
7609,249.00
7610,249.00
7611,249.00
7612,249.00
7613,248.00
7614,248.00
7615,248.00
7616,248.00
7617,248.00
7618,248.00
7619,248.00
7620,247.00
7621,247.00
7622,247.00
7623,247.00
7624,249.00
7625,249.00
7626,251.00
7627,251.00
7628,251.00
7629,251.00
7630,251.00
7631,251.00
7632,251.00
7633,251.00
7634,252.00
7635,254.00
7636,254.00
7637,255.00
7638,257.00
7639,257.00
7640,258.00
7641,260.00
7642,262.00
7643,263.00
7644,264.00
7645,265.00
7646,267.00
7647,269.00
7648,270.00
7649,271.00
7650,272.00
7651,275.00
7652,275.00
7653,274.00
7654,275.00
7655,275.00
7656,274.00
7657,273.00
7658,274.00
7659,274.00
7660,274.00
7661,274.00
7662,274.00
7663,273.00
7664,273.00
7665,271.00
7666,271.00
7667,271.00
7668,271.00
7669,270.00
7670,268.00
7671,267.00
7672,266.00
7673,263.00
7674,263.00
7675,264.00
7676,262.00
7677,263.00
7678,264.00
7679,265.00
7680,265.00
7681,267.00
7682,267.00
7683,266.00
7684,265.00
7685,266.00
7686,266.00
7687,265.00
7688,265.00
7689,265.00
7690,266.00
7691,265.00
7692,265.00
7693,267.00
7694,267.00
7695,267.00
7696,267.00
7697,266.00
7698,266.00
7699,267.00
7700,267.00
7701,268.00
7702,268.00
7703,268.00
7704,268.00
7705,268.00
7706,267.00
7707,267.00
7708,267.00
7709,266.00
7710,266.00
7711,266.00
7712,266.00
7713,266.00
7714,266.00
7715,266.00
7716,266.00
7717,266.00
7718,266.00
7719,265.00
7720,265.00
7721,265.00
7722,265.00
7723,265.00
7724,265.00
7725,264.00
7726,264.00
7727,264.00
7728,265.00
7729,265.00
7730,263.00
7731,263.00
7732,263.00
7733,263.00
7734,263.00
7735,262.00
7736,262.00
7737,262.00
7738,262.00
7739,261.00
7740,261.00
7741,261.00
7742,261.00
7743,260.00
7744,259.00
7745,259.00
7746,259.00
7747,259.00
7748,259.00
7749,259.00
7750,259.00
7751,258.00
7752,258.00
7753,255.00
7754,255.00
7755,255.00
7756,255.00
7757,255.00
7758,255.00
7759,254.00
7760,254.00
7761,254.00
7762,254.00
7763,253.00
7764,253.00
7765,252.00
7766,251.00
7767,250.00
7768,250.00
7769,250.00
7770,250.00
7771,249.00
7772,249.00
7773,248.00
7774,248.00
7775,247.00
7776,247.00
7777,247.00
7778,246.00
7779,246.00
7780,246.00
7781,246.00
7782,245.00
7783,245.00
7784,244.00
7785,242.00
7786,242.00
7787,243.00
7788,243.00
7789,241.00
7790,241.00
7791,241.00
7792,238.00
7793,235.00
7794,234.00
7795,234.00
7796,232.00
7797,230.00
7798,229.00
7799,228.00
7800,227.00
7801,226.00
7802,224.00
7803,224.00
7804,222.00
7805,222.00
7806,222.00
7807,221.00
7808,221.00
7809,219.00
7810,218.00
7811,218.00
7812,216.00
7813,214.00
7814,212.00
7815,212.00
7816,213.00
7817,213.00
7818,212.00
7819,211.00
7820,210.00
7821,210.00
7822,210.00
7823,210.00
7824,210.00
7825,210.00
7826,210.00
7827,210.00
7828,210.00
7829,210.00
7830,210.00
7831,210.00
7832,210.00
7833,210.00
7834,210.00
7835,209.00
7836,209.00
7837,208.00
7838,208.00
7839,208.00
7840,207.00
7841,206.00
7842,206.00
7843,206.00
7844,206.00
7845,206.00
7846,205.00
7847,205.00
7848,205.00
7849,205.00
7850,205.00
7851,204.00
7852,204.00
7853,204.00
7854,204.00
7855,204.00
7856,203.00
7857,203.00
7858,202.00
7859,201.00
7860,200.00
7861,200.00
7862,199.00
7863,190.00
7864,188.00
7865,188.00
7866,187.00
7867,186.00
7868,186.00
7869,184.00
7870,179.00
7871,177.00
7872,172.00
7873,160.00
7874,154.00
7875,146.00
7876,141.00
7877,128.00
7878,124.00
7879,115.00
7880,104.00
7881,101.00
7882,92.00
7883,79.00
7884,72.00
7885,68.00
7886,60.00
7887,55.00
7888,49.00
7889,47.00
7890,42.00
7891,40.00
7892,40.00
7893,38.00
7894,33.00
7895,24.00
7896,22.00
7897,17.00
7898,12.00
7899,11.00
7900,10.00
7901,8.00
7902,8.00
7903,9.00
7904,9.00
7905,9.00
7906,9.00
7907,9.00
7908,9.00
7909,9.00
7910,9.00
7911,8.00
7912,9.00
7913,9.00
7914,9.00
7915,9.00
7916,9.00
7917,9.00
7918,9.00
7919,9.00
7920,9.00
7921,9.00
7922,9.00
7923,9.00
7924,9.00
7925,9.00
7926,9.00
7927,10.00
7928,10.00
7929,10.00
7930,10.00
7931,10.00
7932,10.00
7933,10.00
7934,10.00
7935,10.00
7936,10.00
7937,10.00
7938,10.00
7939,11.00
7940,11.00
7941,11.00
7942,11.00
7943,11.00
7944,11.00
7945,11.00
7946,11.00
7947,11.00
7948,11.00
7949,11.00
7950,11.00
7951,11.00
7952,11.00
7953,11.00
7954,11.00
7955,11.00
7956,11.00
7957,11.00
7958,11.00
7959,11.00
7960,11.00
7961,11.00
7962,12.00
7963,12.00
7964,12.00
7965,12.00
7966,12.00
7967,12.00
7968,12.00
7969,12.00
7970,12.00
7971,12.00
7972,12.00
7973,12.00
7974,12.00
7975,12.00
7976,12.00
7977,12.00
7978,12.00
7979,12.00
7980,12.00
7981,12.00
7982,12.00
7983,12.00
7984,12.00
7985,13.00
7986,13.00
7987,13.00
7988,13.00
7989,13.00
7990,13.00
7991,13.00
7992,13.00
7993,13.00
7994,13.00
7995,13.00
7996,13.00
7997,13.00
7998,13.00
7999,13.00
8000,13.00
8001,13.00
8002,13.00
8003,13.00
8004,13.00
8005,13.00
8006,13.00
8007,13.00
8008,13.00
8009,13.00
8010,13.00
8011,13.00
8012,13.00
8013,13.00
8014,13.00
8015,13.00
8016,13.00
8017,13.00
8018,13.00
8019,13.00
8020,13.00
8021,13.00
8022,13.00
8023,13.00
8024,13.00
8025,13.00
8026,13.00
8027,13.00
8028,13.00
8029,13.00
8030,13.00
8031,13.00
8032,13.00
8033,13.00
8034,13.00
8035,13.00
8036,13.00
8037,13.00
8038,13.00
8039,13.00
8040,13.00
8041,13.00
8042,13.00
8043,13.00
8044,13.00
8045,13.00
8046,13.00
8047,13.00
8048,13.00
8049,13.00
8050,13.00
8051,13.00
8052,13.00
8053,13.00
8054,13.00
8055,13.00
8056,13.00
8057,13.00
8058,13.00
8059,13.00
8060,13.00
8061,13.00
8062,13.00
8063,13.00
8064,13.00
8065,13.00
8066,13.00
8067,13.00
8068,13.00
8069,13.00
8070,13.00
8071,13.00
8072,13.00
8073,13.00
8074,13.00
8075,13.00
8076,13.00
8077,13.00
8078,13.00
8079,13.00
8080,13.00
8081,13.00
8082,13.00
8083,13.00
8084,13.00
8085,13.00
8086,13.00
8087,13.00
8088,13.00
8089,13.00
8090,13.00
8091,13.00
8092,13.00
8093,13.00
8094,13.00
8095,13.00
8096,13.00
8097,13.00
8098,13.00
8099,13.00
8100,13.00
8101,13.00
8102,13.00
8103,13.00
8104,13.00
8105,13.00
8106,13.00
8107,13.00
8108,13.00
8109,13.00
8110,13.00
8111,13.00
8112,13.00
8113,13.00
8114,13.00
8115,13.00
8116,13.00
8117,13.00
8118,13.00
8119,13.00
8120,13.00
8121,13.00
8122,13.00
8123,13.00
8124,13.00
8125,13.00
8126,13.00
8127,13.00
8128,13.00
8129,13.00
8130,13.00
8131,13.00
8132,13.00
8133,13.00
8134,13.00
8135,13.00
8136,13.00
8137,13.00
8138,13.00
8139,13.00
8140,9.00
8141,9.00
8142,9.00
8143,9.00
8144,9.00
8145,9.00
8146,9.00
8147,9.00
8148,8.00
8149,8.00
8150,8.00
8151,8.00
8152,6.00
8153,6.00
8154,6.00
8155,6.00
8156,6.00
8157,6.00
8158,6.00
8159,6.00
8160,6.00
8161,6.00
8162,6.00
8163,4.00
8164,4.00
8165,4.00
8166,3.00
8167,2.00
8168,1.00
8169,1.00
8170,1.00
